-- phpMyAdmin SQL Dump
-- version 4.9.2
-- https://www.phpmyadmin.net/
--
-- Host: 127.0.0.1
-- Generation Time: Jan 23, 2020 at 06:38 PM
-- Server version: 10.4.11-MariaDB
-- PHP Version: 7.4.1

SET SQL_MODE = "NO_AUTO_VALUE_ON_ZERO";
SET AUTOCOMMIT = 0;
START TRANSACTION;
SET time_zone = "+00:00";


/*!40101 SET @OLD_CHARACTER_SET_CLIENT=@@CHARACTER_SET_CLIENT */;
/*!40101 SET @OLD_CHARACTER_SET_RESULTS=@@CHARACTER_SET_RESULTS */;
/*!40101 SET @OLD_COLLATION_CONNECTION=@@COLLATION_CONNECTION */;
/*!40101 SET NAMES utf8mb4 */;

--
-- Database: `dawer`
--

-- --------------------------------------------------------

--
-- Table structure for table `mahasiswa`
--

CREATE TABLE `mahasiswa` (
  `nim` int(10) NOT NULL,
  `nama` varchar(20) NOT NULL,
  `tgl_lahir` varchar(20) NOT NULL,
  `kelas_asal` varchar(10) NOT NULL
) ENGINE=InnoDB DEFAULT CHARSET=latin1;

--
-- Dumping data for table `mahasiswa`
--

INSERT INTO `mahasiswa` (`nim`, `nama`, `tgl_lahir`, `kelas_asal`) VALUES
(1101161244, 'Baim Wong', '23-06-1999', 'FRI-41-09'),
(1101170987, 'Monkey D Luffy', '22-02-1999', 'FRI-41-07'),
(1101171234, 'Nada Safitri', '05-01-1999', 'FRI-41- 05'),
(1101171335, 'Gecko Moria', '08-08-1999', 'FRI-41-08'),
(1101172573, 'Agnez Monica', '01-08-1999', 'FRI-41-01'),
(1101174125, 'Nur Utami Khotibi', '07-07-1999', 'FRI-41-03'),
(1101174213, 'Zidan Naufal', '05-09-1999', 'FRI-41-11'),
(1101175312, 'Fitri Nur Inayah', '04-04-1999', 'FRI-41-12'),
(1101175457, 'Talitha Kayla', '03-03-1999', 'FRI-41-06'),
(1101175673, 'Fatimah Azzahra', '03-08-1999', 'FRI-41-03'),
(1101175723, 'Jason Ranti', '04-08-1999', 'FRI-41-08'),
(1101176236, 'Suwandi Affandi', '21-03-1999', 'FRI-41-10'),
(1101177126, 'Nur Annisa', '06-01-1999', 'FRI-41-06'),
(1101177777, 'Indah Permatasari', '01-04-1999', 'IF-41-12'),
(1101178651, 'Sakura Haruno', '07-07-1999', 'FRI-41-02'),
(1101178765, 'Sholahudin', '06-06-1999', 'FRI-41-06'),
(1101179413, 'Salsabila Utami', '07-01-1999', 'FRI-41-01'),
(1201161246, 'Imamun Mukmin', '05-09-1999', 'FKB-41-11'),
(1201161557, 'Elsya Putri', '12-06-1999', 'FKB-41-06'),
(1201164213, 'Hasan Al Basri', '21-01-1999', 'FKB-41-08'),
(1201165162, 'Nur Ihsan', '01-02-1999', 'FKB-41-10'),
(1201166235, 'Jessica Iskandar', '04-04-1999', 'FKB-41-11'),
(1201167347, 'Nur Fidianti', '05-05-1999', 'FKB-41-05'),
(1201170987, 'Iman Lukman', '09-12-1999', 'FKB-41-08'),
(1201171234, 'Sintia Maharani', '13-11-1999', 'FKB-41-12'),
(1201171674, 'Siti Amrullah', '28-12-1999', 'FKB-41-04'),
(1201172304, 'Monte Carlo', '19-09-1999', 'FKB-41-01'),
(1201173154, 'Gerald Jenedy', '09-09-1999', 'FKB-41-06'),
(1201173625, 'Anthonie Salim', '12-05-1999', 'FKB-41-04'),
(1201174125, 'Junaedy', '11-09-1999', 'FKB-41-07'),
(1201174567, 'Mamat', '05-08-1999', 'FKB-41-02'),
(1201175163, 'Imelda Azzahra', '19-01-1999', 'FKB-41-07'),
(1201179684, 'Ustad Somat', '12-12-1999', 'FKB-41-05'),
(1201179999, 'Susi Susanti', '12-05-1999', 'FKB-41-05'),
(1301161312, 'John Carloss', '12-09-1999', 'IF-41-04'),
(1301171111, 'John Thor', '12-12-1999', 'IF-41-05'),
(1301171245, 'Iman Sinaga', '06-05-1999', 'IF-41-03'),
(1301171351, 'Putra Siregar', '25-12-1999', 'IF-41-01'),
(1301172001, 'Ben Ten', '21-12-1999', 'IF-41-01'),
(1301172012, 'Ben Saw', '11-09-1999', 'IF-41-07'),
(1301173122, 'Ariel Noah', '22-11-1999', 'IF-41-05'),
(1301174111, 'John Ponte', '21-12-1999', 'IF-41-03'),
(1301174214, 'Intan Permata', '06-07-1999', 'IF-41-01'),
(1301174440, 'John Ponte', '12-09-1999', 'IF-41-04'),
(1301175234, 'Shinta Marisca', '11-05-1999', 'IF-41-12'),
(1301175246, 'Andi Abdullah', '16-09-1999', 'IF-41-04'),
(1301176622, 'Arif Budiman', '23-10-1999', 'IF-41-03'),
(1301177773, 'Hermawan Putra', '12-07-1999', 'IF-41-08'),
(1301178673, 'Ben Sol', '02-12-1999', 'IF-41-01'),
(1301179593, 'John Mayo', '12-09-1999', 'IF-41-04');

-- --------------------------------------------------------

--
-- Table structure for table `matkul`
--

CREATE TABLE `matkul` (
  `mk_id` varchar(6) NOT NULL,
  `nama` varchar(111) NOT NULL,
  `sks` int(11) NOT NULL,
  `jenis` varchar(22) NOT NULL
) ENGINE=InnoDB DEFAULT CHARSET=latin1;

--
-- Dumping data for table `matkul`
--

INSERT INTO `matkul` (`mk_id`, `nama`, `sks`, `jenis`) VALUES
('BAH1A3', 'Ekonomi Bisnis', 3, 'Wajib'),
('BAH1B3', 'Pengantar Ilmu Administrasi Bisnis', 3, 'Wajib'),
('BAH1E3', 'Matematika Bisnis', 3, 'Wajib'),
('BAH1F4', 'Prinsip Akuntansi', 4, 'Wajib'),
('BAH1G3', 'Hukum Bisnis', 3, 'Wajib'),
('BAH1H2', 'Filsafat Bisnis', 2, 'Wajib'),
('BUG1A2', 'Bahasa Indonesia', 2, 'Wajib'),
('BUG1E2', 'Bahasa Inggris 2', 2, 'Wajib'),
('CDG4E3', 'Data Warehouse', 3, 'Pilihan'),
('CDG4G3', 'Sistem Pendukung Pengambilan Keputusan', 3, 'Pilihan'),
('CDG4H3', 'Konsep Pengembangan E-Learning', 3, 'Pilihan'),
('CDG4I3', 'Audit Sistem Informasi', 3, 'Pilihan'),
('CDG4K3', 'Data Mining', 3, 'Pilihan'),
('CDG4M3', 'Requiment Engineering', 3, 'Pilihan'),
('CIG4B3', 'Soft Computing', 3, 'Pilihan'),
('CIG4C3', 'Evolutionary Computation', 3, 'Pilihan'),
('CIG4E3', 'Pengolahan Citra Digital', 3, 'Pilihan'),
('CIG4F3', 'Metode Formal', 3, 'Pilihan'),
('CIG4G3', 'Rekayasa Aplikasi Internet', 3, 'Pilihan'),
('CIG4I3', 'Sistem Rekognisi', 3, 'Pilihan'),
('CIG4K3', 'Sistem Berbasis Pengetahuan', 3, 'Pilihan'),
('CIG4L3', 'Kriptografi', 3, 'Pilihan'),
('CNG4K3', 'Sistem Operasi Lanjut', 3, 'Pilihan'),
('CNG4M3', 'Sistem Waktu Nyata', 3, 'Pilihan'),
('CNG4N3', 'Sistem Nirkabel', 3, 'Pilihan'),
('CNG4P3', 'Pemulihan Bencana', 3, 'Pilihan'),
('COH1D3', 'Komunikasi Visual', 3, 'Wajib'),
('CSG2A3', 'Struktur Data', 3, 'Wajib'),
('CSG2D3', 'Pemodelan Basis Data', 3, 'Wajib'),
('CSG2F3', 'Sistem Digital', 3, 'Wajib'),
('CSG3A3', 'Sistem Informasi', 3, 'Wajib'),
('CSG3B3', 'Jaringan Komputer', 3, 'Wajib'),
('CSG3D3', 'Pemodelan Basis Data', 3, 'Wajib'),
('CSG3E3', 'Sistem Operasi', 3, 'Wajib'),
('CSG3F3', 'Desain Analisis Algoritma', 3, 'Wajib'),
('CSG3G3', 'Kecerdasan Buatan', 3, 'Wajib'),
('CSG3L3', 'Sistem Terdistribusi Pararel', 3, 'Wajib'),
('CSH2D3', 'Sistem Basis Data', 3, 'Wajib'),
('EBH0C4', 'Manajemen Bisnis', 4, 'Wajib'),
('FUG1A3', 'Fisika', 3, 'Wajib'),
('HUG1H2', 'Pengetahuan Lingkungan', 2, 'Wajib'),
('IDH1A3', 'Nirmana Dwimatra', 3, 'Wajib'),
('IDH1B3', 'Nirmana Trimatra', 3, 'Wajib'),
('IDH1C3', 'Menggambar Konstruktif', 3, 'Wajib'),
('IDH1D2', 'Estetika Dasar', 2, 'Wajib'),
('IDH1E2', 'Menggambar Dasar', 3, 'Wajib'),
('IKG403', 'Komputasi Finansial', 3, 'Pilihan'),
('KUG1C3', 'Dasar Algoritma Pemrograman', 4, 'Wajib'),
('MUG1A4', 'Kalkulus', 4, 'Wajib'),
('MUG1B4', 'Kalkulus 2', 4, 'Wajib');

-- --------------------------------------------------------

--
-- Table structure for table `mengambil`
--

CREATE TABLE `mengambil` (
  `reg_id` varchar(8) NOT NULL,
  `nim` int(10) NOT NULL,
  `mk_id` varchar(6) CHARACTER SET latin1 NOT NULL,
  `thn_ajaran` int(4) NOT NULL,
  `semester` char(1) NOT NULL,
  `nilai` char(2) NOT NULL
) ENGINE=InnoDB DEFAULT CHARSET=utf8mb4;

--
-- Dumping data for table `mengambil`
--

INSERT INTO `mengambil` (`reg_id`, `nim`, `mk_id`, `thn_ajaran`, `semester`, `nilai`) VALUES
('00C8RHPD', 1101175723, 'BAH1E3', 2021, '1', 'C'),
('02L3TW20', 1101178651, 'MUG1A4', 1819, '2', 'AB'),
('02QY78X8', 1101172573, 'BAH1A3', 2021, '2', 'D'),
('0369974X', 1201179684, 'CIG4L3', 1718, '1', 'BC'),
('037BZBMH', 1101171335, 'IDH1C3', 2021, '2', 'BC'),
('03D8VP49', 1101171234, 'IDH1E2', 2021, '1', 'BC'),
('040B2PT5', 1101178651, 'IDH1D2', 1819, '2', 'AB'),
('0442DEST', 1301174111, 'CSG2D3', 1819, '2', 'AB'),
('04P0AJLI', 1101177777, 'IDH1A3', 1718, '1', 'AB'),
('05G9AWTS', 1201166235, 'BUG1A2', 2122, '2', 'A'),
('0608FATC', 1101178765, 'IDH1C3', 2122, '1', 'E'),
('06DI9Q0E', 1201174567, 'CDG4I3', 2021, '2', 'D'),
('06KHU69Q', 1201173154, 'CDG4H3', 1718, '2', 'B'),
('06QRQ530', 1301177773, 'MUG1A4', 1819, '1', 'AB'),
('06WDUTDV', 1201171674, 'CIG4L3', 2122, '1', 'AB'),
('072AYCGC', 1101177126, 'MUG1A4', 1718, '2', 'AB'),
('07HAN4TY', 1101176236, 'BAH1H2', 2122, '1', 'C'),
('08708UX8', 1101178651, 'KUG1C3', 1718, '1', 'D'),
('08D246ZJ', 1201170987, 'CIG4F3', 1718, '2', 'B'),
('09ZHG6X9', 1201167347, 'BUG1A2', 2021, '1', 'A'),
('0BUPTU5P', 1101176236, 'BAH1G3', 1718, '2', 'D'),
('0BWODLLR', 1101179413, 'IDH1B3', 2122, '2', 'BC'),
('0D7F3OO4', 1301174111, 'CSH2D3', 1819, '2', 'D'),
('0E7G7GC6', 1201161557, 'CIG4L3', 1819, '1', 'A'),
('0EMWW8L7', 1101175312, 'BAH1H2', 2122, '1', 'BC'),
('0ENARDNB', 1201170987, 'CDG4G3', 2122, '2', 'B'),
('0FNKHYZZ', 1201171234, 'CDG4M3', 1819, '2', 'C'),
('0H27K7EQ', 1201170987, 'CDG4G3', 1819, '2', 'A'),
('0HO81732', 1201167347, 'BUG1E2', 1819, '1', 'E'),
('0II52S6R', 1201179684, 'HUG1H2', 1718, '2', 'BC'),
('0INMBKIZ', 1201161246, 'CNG4P3', 1819, '2', 'B'),
('0IO81CPB', 1301174111, 'CIG4L3', 2122, '2', 'D'),
('0IPVGHF4', 1101172573, 'IKG403', 2021, '2', 'E'),
('0IW4URMI', 1201171674, 'BUG1A2', 1718, '2', 'E'),
('0J5DW7HH', 1301176622, 'CNG4K3', 1718, '1', 'A'),
('0JOA2O1N', 1201173625, 'CDG4G3', 1819, '1', 'BC'),
('0JP6XX9N', 1201167347, 'CIG4L3', 2021, '1', 'A'),
('0KRVZ0KG', 1301171351, 'MUG1A4', 1718, '1', 'D'),
('0LK0QWPP', 1101171234, 'IKG403', 1819, '1', 'E'),
('0LPPYNTX', 1101175457, 'CDG4I3', 1718, '2', 'D'),
('0LQL0240', 1201166235, 'CIG4B3', 1819, '2', 'AB'),
('0N0GKL6V', 1201179684, 'CIG4B3', 2021, '2', 'C'),
('0OJLIEHB', 1201161557, 'CIG4L3', 2021, '2', 'D'),
('0P2S6BYE', 1201174567, 'BUG1E2', 1819, '1', 'BC'),
('0PDCZ7AY', 1101178651, 'IDH1C3', 2122, '2', 'B'),
('0PQDU343', 1101175457, 'BUG1A2', 2122, '1', 'AB'),
('0R5F4J1S', 1201175163, 'KUG1C3', 1819, '1', 'C'),
('0RKKIR06', 1101174125, 'BAH1H2', 2021, '2', 'C'),
('0RVGKBHY', 1201164213, 'HUG1H2', 1718, '1', 'E'),
('0TAXKIV4', 1101174125, 'MUG1A4', 1819, '1', 'B'),
('0TBW1S5R', 1201166235, 'CDG4G3', 2122, '1', 'A'),
('0TOBBXO3', 1301174214, 'CSG2F3', 2122, '2', 'C'),
('0UGEVQ4N', 1301175234, 'CSG2F3', 2122, '2', 'BC'),
('0UP25PVZ', 1301171351, 'CIG4I3', 2122, '2', 'BC'),
('0UU35AS8', 1201173625, 'FUG1A3', 2021, '2', 'A'),
('0VATKU04', 1101175673, 'IDH1A3', 2122, '2', 'E'),
('0XB1DO85', 1301171351, 'CSG3E3', 1718, '1', 'D'),
('0XK3RNJN', 1201173625, 'CIG4G3', 2021, '2', 'E'),
('0XK7JQSK', 1101175312, 'IDH1B3', 1819, '1', 'BC'),
('0Z14GW2O', 1301174111, 'CIG4I3', 1819, '2', 'B'),
('0Z5VOPQQ', 1301174111, 'MUG1B4', 1819, '2', 'D'),
('109C9LIE', 1301178673, 'CSG3B3', 1819, '2', 'BC'),
('10GZEJIH', 1101171335, 'BAH1H2', 2021, '1', 'E'),
('119KRX3E', 1301173122, 'HUG1H2', 2122, '1', 'E'),
('125FLRIM', 1101174213, 'MUG1A4', 2021, '2', 'E'),
('13NJQ72F', 1301177773, 'KUG1C3', 2021, '1', 'AB'),
('13VXRQDQ', 1101172573, 'IKG403', 1819, '2', 'C'),
('13X3TQ3Y', 1101174125, 'IDH1B3', 1718, '1', 'A'),
('14AHI1JM', 1301175234, 'HUG1H2', 1819, '1', 'E'),
('1510LTN4', 1301171245, 'BUG1E2', 2021, '2', 'B'),
('159LM2MI', 1301174111, 'CDG4E3', 2122, '1', 'B'),
('15PNWLCG', 1301177773, 'CSG3G3', 2122, '1', 'E'),
('160TFA3K', 1301173122, 'CSG3D3', 2122, '1', 'AB'),
('1656M4J9', 1301176622, 'CSG3E3', 1819, '1', 'E'),
('16AIXEVF', 1101178651, 'COH1D3', 1718, '2', 'A'),
('16IQNDVO', 1201179684, 'CDG4G3', 2021, '2', 'E'),
('16N3MYL2', 1301174214, 'CSG2D3', 1718, '2', 'C'),
('17AJ4T2O', 1301174214, 'CSG2A3', 1718, '2', 'B'),
('17P4M73A', 1201174125, 'CIG4C3', 2122, '2', 'C'),
('17UDNG7T', 1201167347, 'MUG1A4', 2021, '1', 'E'),
('18TW9CR4', 1101174213, 'IDH1C3', 1819, '1', 'B'),
('18XKF2AH', 1301171245, 'BUG1E2', 2122, '2', 'A'),
('1AFUYLAI', 1201179999, 'CDG4M3', 1718, '2', 'BC'),
('1ANBEX8D', 1101174125, 'IDH1B3', 2021, '1', 'A'),
('1AVUEUI5', 1301161312, 'CSG3E3', 1819, '1', 'B'),
('1B0AA8QQ', 1101174125, 'BUG1E2', 1819, '1', 'A'),
('1BX7GIDE', 1101174125, 'IDH1C3', 1819, '1', 'B'),
('1C6Q9WXP', 1201170987, 'CIG4L3', 2122, '1', 'AB'),
('1C7PZJ6C', 1101175723, 'IKG403', 1718, '1', 'BC'),
('1CF7ECIX', 1101161244, 'FUG1A3', 1718, '2', 'E'),
('1CIBWYBQ', 1201161557, 'CIG4E3', 1718, '2', 'D'),
('1DMASRW6', 1301161312, 'CDG4K3', 1819, '1', 'A'),
('1ES7CMYA', 1201166235, 'CDG4I3', 1819, '2', 'D'),
('1FBHT3QQ', 1301175234, 'CSG3E3', 1718, '2', 'D'),
('1FNDJ0J2', 1301179593, 'CIG4I3', 1819, '1', 'BC'),
('1FW854IA', 1201161246, 'MUG1A4', 1718, '2', 'A'),
('1GDFVVSI', 1101171234, 'BUG1A2', 2122, '1', 'BC'),
('1GUJVI26', 1101176236, 'CDG4H3', 1718, '2', 'D'),
('1HLF9497', 1101172573, 'BAH1E3', 2122, '2', 'D'),
('1I533MYO', 1201173154, 'CIG4B3', 2021, '2', 'BC'),
('1IZ15GYC', 1301177773, 'CSG2A3', 2021, '2', 'BC'),
('1IZ42OUH', 1201167347, 'CIG4B3', 1819, '2', 'BC'),
('1JEM7P1G', 1101174213, 'BUG1A2', 1718, '2', 'C'),
('1JR3RZZ0', 1201171234, 'CIG4G3', 1718, '2', 'BC'),
('1K288FHW', 1301176622, 'CSG2A3', 2021, '2', 'D'),
('1KXL7MXD', 1201170987, 'BUG1E2', 1718, '2', 'E'),
('1L5Z8V73', 1201171234, 'KUG1C3', 1718, '1', 'AB'),
('1LLTLW7F', 1301173122, 'HUG1H2', 2021, '2', 'BC'),
('1M5U029Y', 1101170987, 'KUG1C3', 2122, '1', 'B'),
('1NTSREYE', 1201161246, 'CIG4F3', 2122, '2', 'A'),
('1O4637GQ', 1301173122, 'HUG1H2', 1718, '1', 'A'),
('1OCIARW3', 1201172304, 'BUG1A2', 1718, '1', 'A'),
('1PAX3LR0', 1201166235, 'CDG4G3', 1819, '2', 'B'),
('1Q3O2HMM', 1301177773, 'CDG4E3', 1819, '1', 'AB'),
('1QO6B9SZ', 1301171111, 'CIG4L3', 2021, '1', 'AB'),
('1RAN42DW', 1301179593, 'CIG4B3', 2122, '1', 'D'),
('1S3C8UNB', 1301161312, 'CSG3A3', 2122, '1', 'B'),
('1SB42CDW', 1301175234, 'CSG3L3', 2122, '2', 'AB'),
('1SSFI7N3', 1201174567, 'MUG1B4', 2021, '1', 'AB'),
('1TFWAY7H', 1101161244, 'BAH1E3', 1819, '2', 'A'),
('1TJY5XK1', 1201171674, 'CIG4G3', 1718, '1', 'AB'),
('1TPW5I21', 1101172573, 'IDH1B3', 1819, '2', 'C'),
('1TQ8XZP8', 1101175673, 'BAH1H2', 1718, '2', 'B'),
('1VXA3LJO', 1201174125, 'CIG4F3', 2122, '1', 'E'),
('1WCV5TNE', 1301172012, 'CIG4L3', 1718, '2', 'C'),
('1WPJRO83', 1201173625, 'CDG4M3', 1718, '1', 'E'),
('1WU40XML', 1301171351, 'HUG1H2', 1819, '1', 'B'),
('1X7TKD52', 1301179593, 'FUG1A3', 2122, '1', 'A'),
('1XMNXHZG', 1301176622, 'CSG2D3', 2021, '2', 'B'),
('205ZDUNV', 1301176622, 'CNG4M3', 2021, '1', 'A'),
('20ATSNH8', 1301175234, 'MUG1B4', 1718, '1', 'B'),
('20M52A82', 1101177126, 'FUG1A3', 1819, '1', 'A'),
('22ZCDLLF', 1201173154, 'BUG1A2', 1819, '1', 'A'),
('23RGCNFZ', 1101177126, 'BAH1B3', 2021, '1', 'E'),
('23UYNVT8', 1301171111, 'MUG1B4', 1718, '2', 'C'),
('23Z4GNFP', 1101178651, 'BUG1E2', 2021, '2', 'E'),
('24ETN0ZF', 1101172573, 'MUG1A4', 2021, '1', 'AB'),
('24V4BQX4', 1201173625, 'CDG4G3', 1819, '2', 'D'),
('25C29GSR', 1201171234, 'BUG1A2', 2122, '1', 'E'),
('25OFE6PE', 1101177126, 'IDH1B3', 1718, '1', 'C'),
('25RCQUGU', 1301172001, 'CIG4L3', 1718, '1', 'E'),
('260Z8Y6A', 1101175457, 'MUG1B4', 2021, '1', 'E'),
('26MBS0RP', 1201179684, 'CIG4B3', 2122, '2', 'AB'),
('26MDQ1DK', 1201179999, 'CIG4E3', 2122, '1', 'E'),
('26YBIYNH', 1201174567, 'CIG4K3', 2122, '1', 'E'),
('27JHX6ZG', 1201175163, 'CIG4C3', 2021, '1', 'C'),
('27OGICEI', 1201166235, 'CIG4K3', 2021, '2', 'E'),
('28F606XA', 1101178765, 'BAH1B3', 2021, '2', 'B'),
('28SZ2ZAB', 1101177126, 'IDH1D2', 2021, '2', 'AB'),
('29FOVQKJ', 1201175163, 'BUG1E2', 2021, '1', 'AB'),
('2A4WWDJP', 1101177777, 'MUG1A4', 2021, '2', 'E'),
('2A620KN8', 1301174440, 'BUG1E2', 2021, '2', 'AB'),
('2A6OAAZV', 1301161312, 'CIG4L3', 1819, '2', 'AB'),
('2A9RI3HO', 1301172012, 'MUG1B4', 2021, '1', 'A'),
('2AIZ6FT8', 1301174111, 'CSG3F3', 1718, '1', 'C'),
('2C4INSD9', 1301175234, 'CSG3A3', 2021, '2', 'C'),
('2CH68EP6', 1201173154, 'FUG1A3', 1819, '2', 'D'),
('2DU6H56I', 1201179684, 'MUG1A4', 1819, '1', 'BC'),
('2DYFPFK9', 1101175723, 'HUG1H2', 1819, '1', 'B'),
('2EDW9C5D', 1301179593, 'HUG1H2', 2021, '2', 'C'),
('2EMHPIHD', 1301171351, 'MUG1B4', 1819, '1', 'A'),
('2F3D7V27', 1301172001, 'CNG4M3', 2122, '1', 'BC'),
('2F995CVG', 1201164213, 'HUG1H2', 1819, '2', 'AB'),
('2GP7VGGN', 1201164213, 'BUG1E2', 2021, '1', 'C'),
('2H1RP1MM', 1201161557, 'CIG4G3', 1819, '2', 'C'),
('2HU5W9E9', 1101175673, 'IDH1A3', 2021, '2', 'B'),
('2J036M7L', 1301179593, 'HUG1H2', 1819, '1', 'AB'),
('2J1XRPO5', 1201165162, 'CIG4E3', 1718, '2', 'B'),
('2JS94S8N', 1101161244, 'BAH1H2', 2122, '1', 'D'),
('2JYZ7ZMJ', 1201174125, 'CIG4I3', 2021, '1', 'BC'),
('2K3VOTUZ', 1101170987, 'CDG4H3', 1819, '2', 'D'),
('2K6D60ZL', 1201179999, 'CNG4P3', 2021, '1', 'BC'),
('2KHV3YB8', 1201171234, 'CIG4G3', 2122, '1', 'A'),
('2KPG32DD', 1301171111, 'CDG4E3', 1718, '2', 'D'),
('2L0N1NAT', 1201172304, 'MUG1A4', 1819, '1', 'E'),
('2LUY0BY8', 1201165162, 'CIG4E3', 2021, '1', 'C'),
('2LUYHSJB', 1101175312, 'IDH1D2', 2021, '1', 'BC'),
('2LYHKK66', 1301174111, 'CSG3D3', 2122, '2', 'B'),
('2M0FQ4JH', 1101170987, 'BAH1H2', 1819, '1', 'A'),
('2M2MV9SJ', 1301176622, 'HUG1H2', 2021, '2', 'BC'),
('2ME2YP3D', 1201165162, 'KUG1C3', 2122, '2', 'BC'),
('2MFDUJHX', 1101172573, 'MUG1B4', 2021, '1', 'C'),
('2MGPRJVW', 1301172012, 'MUG1A4', 1718, '1', 'D'),
('2O341ZTO', 1201161246, 'CIG4B3', 1718, '1', 'BC'),
('2OAOYWE9', 1201179684, 'CIG4F3', 1819, '2', 'A'),
('2OEY9RXB', 1301173122, 'CNG4K3', 2122, '2', 'D'),
('2OXO1OHJ', 1201166235, 'CIG4G3', 1819, '2', 'AB'),
('2PK2LVNL', 1101171335, 'BAH1A3', 2122, '1', 'B'),
('2PYG4U7U', 1301161312, 'CSG3A3', 1718, '2', 'D'),
('2Q90EH7W', 1101174213, 'CDG4I3', 1819, '1', 'BC'),
('2QD00B34', 1301171351, 'HUG1H2', 2021, '2', 'D'),
('2QD5AFI6', 1201179999, 'FUG1A3', 2122, '2', 'B'),
('2QWY92R4', 1101170987, 'BAH1G3', 1718, '2', 'AB'),
('2R3GIKGY', 1201179684, 'CNG4P3', 1718, '2', 'E'),
('2R6JYPBQ', 1101175673, 'MUG1B4', 2021, '2', 'E'),
('2T8HW2C6', 1101177126, 'BAH1A3', 1718, '2', 'B'),
('2U2NSMD7', 1101176236, 'KUG1C3', 2021, '2', 'B'),
('2U69K44F', 1301161312, 'MUG1A4', 1718, '1', 'C'),
('2VXH5IGT', 1101171335, 'COH1D3', 2122, '1', 'D'),
('2W85BV3Y', 1301178673, 'CSG3E3', 2021, '1', 'E'),
('2WL8RQEC', 1101178651, 'CDG4H3', 2122, '1', 'E'),
('2WMIEH1E', 1201167347, 'CDG4G3', 2122, '1', 'E'),
('2WON523K', 1201173154, 'CIG4B3', 2122, '2', 'BC'),
('2XAMSLXH', 1201166235, 'CIG4F3', 1718, '1', 'E'),
('2XFDELMU', 1201179999, 'CDG4M3', 1718, '2', 'B'),
('2XZDT7IP', 1101161244, 'BAH1E3', 1819, '1', 'D'),
('2YBVA82C', 1101171335, 'BAH1B3', 1819, '2', 'BC'),
('2YZELKYM', 1101171335, 'MUG1B4', 2021, '1', 'E'),
('2Z88H5T3', 1201174125, 'CDG4G3', 1718, '1', 'D'),
('2ZM3J1BK', 1101172573, 'MUG1A4', 1819, '1', 'D'),
('31K89P70', 1201174125, 'CDG4G3', 2021, '2', 'D'),
('32I79GGR', 1101177126, 'BAH1G3', 2021, '2', 'E'),
('32NNIVFC', 1101170987, 'IDH1A3', 1718, '1', 'BC'),
('3565UZ5B', 1201171674, 'MUG1A4', 2021, '2', 'B'),
('35GLENAY', 1201167347, 'BUG1E2', 1819, '2', 'BC'),
('35HKVNVO', 1101179413, 'CDG4H3', 1718, '2', 'B'),
('35VK2JLL', 1101178651, 'MUG1A4', 2021, '2', 'C'),
('35XDL26B', 1301161312, 'CSH2D3', 2021, '2', 'B'),
('367FWVFQ', 1101161244, 'IDH1D2', 1718, '2', 'E'),
('36P720ZP', 1301175246, 'CSG3L3', 1819, '1', 'BC'),
('374P8UDZ', 1101177126, 'IDH1C3', 1718, '1', 'BC'),
('379IJ5GI', 1101174213, 'BAH1G3', 2122, '1', 'A'),
('38H8E0Q9', 1301178673, 'CNG4N3', 1718, '1', 'B'),
('38QRIK1K', 1301174440, 'MUG1A4', 2021, '2', 'B'),
('38S32OYX', 1201161246, 'MUG1A4', 2021, '1', 'D'),
('39SHSUBX', 1301172001, 'CSG3L3', 2122, '1', 'B'),
('3A5CVZE2', 1101177126, 'BAH1H2', 1819, '1', 'B'),
('3AWLZDFM', 1301176622, 'CNG4M3', 2021, '1', 'E'),
('3AZSAIEO', 1101175312, 'KUG1C3', 1819, '2', 'B'),
('3BXAEV44', 1101176236, 'CDG4H3', 1819, '1', 'AB'),
('3CIC3Q39', 1301172012, 'CSG3G3', 1819, '1', 'B'),
('3CPYUHP7', 1301173122, 'CDG4K3', 2122, '2', 'BC'),
('3CYMR5K8', 1201174125, 'CDG4M3', 2122, '2', 'B'),
('3DDI3BVI', 1201165162, 'HUG1H2', 2021, '2', 'D'),
('3DQGNNUV', 1301177773, 'KUG1C3', 1718, '1', 'D'),
('3E1VDN5H', 1201165162, 'CDG4M3', 2122, '2', 'B'),
('3E214B47', 1201175163, 'CNG4P3', 2021, '1', 'B'),
('3FW61B8A', 1201166235, 'CDG4M3', 2021, '1', 'C'),
('3GAZ3WH1', 1201171234, 'HUG1H2', 1718, '2', 'B'),
('3GRR45XS', 1101178765, 'KUG1C3', 2122, '1', 'D'),
('3HX94I2Y', 1301171245, 'CSG3L3', 2122, '1', 'C'),
('3I11B1IZ', 1201179999, 'CIG4E3', 2021, '1', 'AB'),
('3I2K306L', 1301161312, 'CDG4K3', 2021, '2', 'D'),
('3I55K1LG', 1301172001, 'CSG3G3', 1718, '2', 'B'),
('3I6N1L60', 1101179413, 'BAH1H2', 1819, '2', 'B'),
('3I8XDQZ4', 1301174214, 'CSG3D3', 1718, '2', 'E'),
('3IDEU1GY', 1301173122, 'MUG1B4', 2122, '1', 'E'),
('3ISL2SU9', 1101175457, 'CDG4I3', 1718, '2', 'E'),
('3JCK0X5D', 1301177773, 'CSG3D3', 2122, '2', 'B'),
('3JPQVX5P', 1101171335, 'BAH1B3', 1819, '1', 'AB'),
('3KBK75S2', 1201173154, 'CIG4B3', 2122, '1', 'D'),
('3KKWREJN', 1101171335, 'CDG4H3', 2122, '1', 'B'),
('3M6J4ZLV', 1301171245, 'CSG2A3', 2021, '2', 'C'),
('3MVJ4SS1', 1101174213, 'BUG1A2', 2021, '1', 'E'),
('3MWQTRX1', 1201171674, 'MUG1A4', 2021, '2', 'A'),
('3MYXBQJ3', 1301175246, 'MUG1A4', 2122, '2', 'A'),
('3NRZWD9C', 1101176236, 'KUG1C3', 1819, '2', 'AB'),
('3ONX1F1G', 1301172001, 'CSG3F3', 2021, '1', 'BC'),
('3P4A1DZM', 1201161246, 'CDG4I3', 1819, '2', 'C'),
('3PGTYM7Y', 1301161312, 'MUG1A4', 1819, '1', 'AB'),
('3RTOWNBI', 1301176622, 'CSH2D3', 1819, '2', 'BC'),
('3SCJ8GV0', 1201173154, 'CIG4C3', 1819, '2', 'AB'),
('3SIFTPAE', 1201173625, 'CIG4B3', 1718, '1', 'AB'),
('3TFY53MD', 1101178765, 'IKG403', 2122, '2', 'A'),
('3TV2I506', 1301174111, 'CIG4I3', 2021, '2', 'C'),
('3U21A51M', 1101175723, 'EBH0C4', 2021, '2', 'C'),
('3U531VGX', 1201167347, 'CIG4C3', 1718, '1', 'AB'),
('3U9M11QH', 1301177773, 'BUG1E2', 1718, '2', 'C'),
('3UH42FV4', 1301174440, 'CSG3G3', 1718, '1', 'AB'),
('3USHMAMM', 1301171245, 'CDG4E3', 1718, '1', 'AB'),
('3VLMCUM0', 1101171335, 'BAH1A3', 1819, '1', 'BC'),
('3XGX3H1J', 1201173625, 'CIG4C3', 1718, '1', 'E'),
('3XRY4S1H', 1101171234, 'BAH1E3', 1718, '2', 'BC'),
('3XYRYJ9H', 1201173154, 'CIG4B3', 2122, '1', 'E'),
('3ZR07MTC', 1201164213, 'HUG1H2', 2122, '1', 'BC'),
('3ZYIG608', 1301172001, 'CSG3D3', 1718, '1', 'B'),
('412OQ4AH', 1201174125, 'CIG4E3', 2021, '1', 'C'),
('41G3XLE7', 1301173122, 'CDG4K3', 2021, '2', 'AB'),
('4218G9A1', 1301171245, 'CSG3E3', 2021, '2', 'D'),
('4258CPVX', 1301171245, 'HUG1H2', 2021, '2', 'A'),
('42MUBKID', 1101161244, 'MUG1B4', 1819, '1', 'E'),
('42SRTYY5', 1101171234, 'IDH1B3', 1718, '1', 'BC'),
('42U1Y1BT', 1201161246, 'MUG1B4', 1819, '1', 'BC'),
('43LYA4J4', 1201171234, 'CDG4I3', 1819, '1', 'B'),
('44L55T31', 1301174111, 'CSG3D3', 1718, '1', 'D'),
('45RZVZU1', 1201170987, 'MUG1A4', 2021, '2', 'AB'),
('465DGNI8', 1201161557, 'CIG4I3', 1718, '2', 'B'),
('468A1ID5', 1301174214, 'CSH2D3', 2122, '1', 'E'),
('477E6764', 1101178651, 'IDH1A3', 1718, '1', 'BC'),
('47GOEBOR', 1201179999, 'MUG1B4', 1718, '2', 'AB'),
('47PVUBA5', 1301174440, 'CSG2A3', 2122, '1', 'B'),
('47WOB0MX', 1201174125, 'CDG4G3', 1718, '2', 'A'),
('48VBQ1AL', 1101179413, 'IKG403', 2122, '2', 'B'),
('499J2A9N', 1101177126, 'CDG4I3', 2021, '1', 'E'),
('49NNMAE5', 1201161246, 'CDG4H3', 1718, '2', 'E'),
('49SVCWRM', 1301179593, 'FUG1A3', 2122, '1', 'BC'),
('4A6B0C39', 1301174440, 'CSG3B3', 2021, '2', 'BC'),
('4A986SP4', 1301178673, 'CSG3L3', 1819, '1', 'AB'),
('4AAFAI4Y', 1201175163, 'MUG1A4', 2122, '1', 'E'),
('4BVLQVGD', 1301173122, 'CSG2A3', 2122, '1', 'AB'),
('4D1NF4UU', 1201171234, 'CIG4I3', 2021, '2', 'B'),
('4DD52NLP', 1101179413, 'IDH1A3', 1718, '2', 'BC'),
('4DPPRVPB', 1101179413, 'CDG4H3', 2122, '2', 'AB'),
('4DWVHOFM', 1201173154, 'CIG4L3', 2122, '2', 'A'),
('4E8K2WBM', 1101176236, 'KUG1C3', 2021, '1', 'D'),
('4F98PNIU', 1301171111, 'CIG4I3', 2122, '1', 'D'),
('4FHMOX3P', 1201170987, 'KUG1C3', 1718, '2', 'E'),
('4FR8NM9T', 1301174111, 'CDG4K3', 2021, '1', 'D'),
('4GICPZRC', 1301179593, 'CIG4I3', 1819, '2', 'BC'),
('4GSAZ8GX', 1301173122, 'CSG3D3', 2021, '2', 'A'),
('4IGQSZ00', 1101171335, 'BAH1F4', 2021, '2', 'B'),
('4IQIDSSC', 1201161557, 'CIG4G3', 2021, '2', 'BC'),
('4IT9YUAE', 1201172304, 'CIG4E3', 1819, '2', 'A'),
('4IV05VVI', 1201165162, 'CIG4L3', 1819, '1', 'E'),
('4J0RG9AM', 1301171111, 'CSG2F3', 1819, '2', 'D'),
('4J8E9IRT', 1301174214, 'KUG1C3', 2122, '1', 'AB'),
('4JB732ZJ', 1101179413, 'BAH1F4', 1718, '2', 'BC'),
('4JOR6FPH', 1101178651, 'FUG1A3', 1718, '2', 'C'),
('4K5TRGZE', 1101175457, 'CDG4I3', 2021, '1', 'C'),
('4K8K1BAW', 1201174567, 'FUG1A3', 2021, '2', 'B'),
('4K9XWYDF', 1101176236, 'IDH1B3', 1718, '2', 'E'),
('4KHZ2EXU', 1301172001, 'MUG1A4', 1819, '1', 'B'),
('4LQ1J0PG', 1301176622, 'CSG3L3', 2122, '2', 'BC'),
('4MQ9Z5EZ', 1101161244, 'BAH1E3', 1819, '2', 'BC'),
('4MQRDUQO', 1201170987, 'MUG1A4', 1819, '2', 'BC'),
('4NWCM1CH', 1101170987, 'CDG4H3', 2122, '1', 'E'),
('4ONQU2PC', 1301174111, 'CSG3F3', 2122, '1', 'AB'),
('4OPMAWSR', 1101177126, 'EBH0C4', 1718, '1', 'B'),
('4PDM0RGD', 1201172304, 'HUG1H2', 2122, '2', 'B'),
('4PWHMRJM', 1101179413, 'IDH1B3', 2122, '2', 'B'),
('4QYC7XTK', 1201166235, 'CIG4I3', 2122, '2', 'BC'),
('4RDZGOP7', 1301179593, 'CDG4M3', 2122, '1', 'BC'),
('4RQFTQ07', 1201175163, 'CNG4P3', 1819, '2', 'C'),
('4SLLRJWP', 1201173625, 'BUG1E2', 2021, '1', 'C'),
('4SR4930P', 1101171335, 'BAH1G3', 1819, '2', 'C'),
('4T4M0JRC', 1301175234, 'CSG3A3', 1819, '2', 'D'),
('4TFAQ39I', 1301171351, 'CDG4E3', 1819, '2', 'D'),
('4THDCJT8', 1301177773, 'CSG3F3', 2021, '2', 'AB'),
('4TTKLMIF', 1201173625, 'BUG1A2', 2021, '2', 'D'),
('4UYU1B8Y', 1301172001, 'CNG4K3', 1819, '2', 'BC'),
('4V3I57JO', 1201174125, 'CNG4P3', 1718, '1', 'E'),
('4W0AXP6D', 1201164213, 'CIG4F3', 2122, '1', 'B'),
('4W0HPOFR', 1301178673, 'CSH2D3', 2122, '2', 'BC'),
('4X5VQXQM', 1301173122, 'CDG4K3', 1819, '1', 'BC'),
('4X7BM12O', 1101176236, 'IKG403', 2122, '2', 'A'),
('4XW609XO', 1201161246, 'CIG4F3', 2122, '2', 'A'),
('4Y2UCQ7A', 1101171335, 'FUG1A3', 2021, '1', 'AB'),
('5040H70J', 1301172001, 'HUG1H2', 2122, '1', 'A'),
('51FJCWC2', 1201161557, 'CIG4B3', 2021, '2', 'AB'),
('51XTEJ0W', 1301173122, 'CNG4K3', 2122, '1', 'BC'),
('520GC6H2', 1101178765, 'CDG4H3', 1819, '2', 'A'),
('52RDA5X5', 1301172001, 'CSG3L3', 1819, '1', 'B'),
('52XQ8Z17', 1101178765, 'BAH1G3', 2021, '1', 'D'),
('53VBSLV5', 1201174125, 'CDG4H3', 2122, '1', 'C'),
('54ADD1HQ', 1301171245, 'CSG3D3', 1718, '2', 'B'),
('56CT46ZF', 1301172001, 'CSG2D3', 2122, '2', 'E'),
('56RSW90W', 1101170987, 'BAH1H2', 2122, '1', 'AB'),
('56VU8BIG', 1101175673, 'BUG1A2', 2021, '1', 'B'),
('56WAASRZ', 1101161244, 'COH1D3', 1718, '1', 'D'),
('57772TC9', 1301175234, 'CNG4N3', 2122, '2', 'D'),
('57P583KX', 1201167347, 'FUG1A3', 2122, '1', 'C'),
('58B3EAPV', 1201165162, 'BUG1A2', 1819, '2', 'B'),
('58J6UCRF', 1101174213, 'KUG1C3', 2021, '2', 'D'),
('58P0GPJ1', 1301178673, 'CNG4K3', 1718, '2', 'A'),
('598H8LSZ', 1301178673, 'MUG1A4', 2021, '2', 'A'),
('59971NR2', 1201171234, 'CIG4B3', 2122, '1', 'AB'),
('59F2WZ5G', 1201161557, 'CIG4C3', 1718, '2', 'C'),
('59ILUTQS', 1301171111, 'HUG1H2', 1718, '2', 'E'),
('59OBBSE9', 1101172573, 'MUG1A4', 2021, '1', 'D'),
('5AZ5GKIE', 1101177777, 'KUG1C3', 2021, '1', 'D'),
('5AZLXVD1', 1301172001, 'MUG1A4', 2122, '1', 'BC'),
('5CPSNTM0', 1301172012, 'CSG2D3', 2122, '2', 'B'),
('5CT9JK5E', 1101171234, 'BAH1E3', 1718, '2', 'E'),
('5CTHA8ES', 1301176622, 'CSG3D3', 1819, '2', 'BC'),
('5EJ387OE', 1201174567, 'BUG1A2', 2122, '2', 'BC'),
('5F3YKOCL', 1101175673, 'IDH1E2', 1819, '2', 'B'),
('5FA3FEFT', 1201161557, 'CIG4L3', 1819, '1', 'D'),
('5FC3NITS', 1101179413, 'EBH0C4', 2122, '2', 'B'),
('5G6ARC1Y', 1301173122, 'BUG1E2', 1718, '1', 'B'),
('5GBA2G6H', 1201172304, 'CDG4G3', 2021, '2', 'D'),
('5HEUW8RD', 1201164213, 'CIG4L3', 1819, '2', 'D'),
('5HGHAMJR', 1201166235, 'CDG4I3', 2122, '2', 'B'),
('5HN4BPW7', 1201164213, 'CIG4K3', 2021, '1', 'AB'),
('5IYBPQSO', 1201173154, 'CDG4H3', 2122, '2', 'E'),
('5J7YWC6W', 1201165162, 'MUG1B4', 2122, '2', 'B'),
('5KBYIRA1', 1101161244, 'IDH1A3', 1718, '2', 'AB'),
('5KMSI4K0', 1301175246, 'CDG4K3', 1718, '2', 'C'),
('5KUWNP78', 1301173122, 'CIG4I3', 2122, '1', 'A'),
('5KYH21PR', 1201174125, 'CIG4G3', 1819, '2', 'C'),
('5LMU8MSF', 1101179413, 'CDG4H3', 2122, '2', 'B'),
('5M5BZMEJ', 1301178673, 'CSG3F3', 1718, '1', 'BC'),
('5NZ1BN4F', 1101178651, 'BAH1G3', 1819, '2', 'D'),
('5OGO85NM', 1101172573, 'MUG1B4', 1819, '1', 'E'),
('5OP5XQ1U', 1301174214, 'CSG2A3', 2021, '1', 'C'),
('5P9ULC7O', 1201161246, 'CIG4L3', 2122, '1', 'B'),
('5PC1TFHZ', 1201166235, 'CNG4P3', 1819, '1', 'D'),
('5PM18ZLD', 1201161246, 'FUG1A3', 1819, '2', 'E'),
('5Q9RZBPO', 1301176622, 'CDG4E3', 2122, '1', 'E'),
('5QNO0XLJ', 1101178651, 'KUG1C3', 2122, '1', 'C'),
('5QT0N8PP', 1301175246, 'CSG3F3', 1718, '1', 'AB'),
('5RAF9Q3P', 1201171234, 'BUG1E2', 1718, '2', 'BC'),
('5S8YMLRI', 1201174567, 'BUG1A2', 1718, '2', 'BC'),
('5TQ015N3', 1301174111, 'CSG3D3', 1819, '2', 'B'),
('5U1A57U6', 1301178673, 'BUG1E2', 1819, '1', 'B'),
('5UJOM2W1', 1201171234, 'CIG4I3', 2122, '2', 'E'),
('5V1A1IT0', 1301171351, 'MUG1B4', 1718, '2', 'D'),
('5VC30T5K', 1301172012, 'CSG3B3', 2122, '1', 'A'),
('5VJLJLOX', 1201167347, 'CIG4F3', 1718, '1', 'A'),
('5WQ5E8N7', 1201179684, 'FUG1A3', 2021, '1', 'A'),
('5X0FJ6KP', 1201164213, 'CDG4M3', 1718, '2', 'BC'),
('5XD29L3O', 1201170987, 'CDG4G3', 1718, '2', 'E'),
('5Y2KJA4D', 1301171111, 'CSG3L3', 2122, '2', 'D'),
('5YDIYZTY', 1201165162, 'CIG4K3', 2122, '2', 'B'),
('5Z0C4RG6', 1301172012, 'CSG3G3', 1819, '2', 'E'),
('5Z1ZGBM8', 1301172012, 'CSG2F3', 1819, '1', 'AB'),
('60NK8DLH', 1301175234, 'CSG2A3', 2021, '2', 'A'),
('61J4K07W', 1101170987, 'MUG1B4', 1718, '1', 'BC'),
('625RJQOF', 1201170987, 'CIG4C3', 2021, '2', 'AB'),
('62WT85WM', 1301173122, 'HUG1H2', 2122, '1', 'D'),
('640I5JQ2', 1101172573, 'BAH1H2', 2122, '2', 'AB'),
('64N0W1PG', 1301161312, 'CSG3D3', 1819, '2', 'AB'),
('655MD0DM', 1101172573, 'HUG1H2', 1819, '2', 'B'),
('659S34UC', 1201179999, 'CIG4C3', 1819, '1', 'AB'),
('6616QL51', 1301175234, 'CSG3G3', 2021, '1', 'BC'),
('66IH3A97', 1101176236, 'BAH1A3', 1819, '1', 'A'),
('66JLI079', 1201170987, 'MUG1B4', 1819, '1', 'BC'),
('66V6L3FF', 1201161246, 'FUG1A3', 1819, '2', 'BC'),
('6836G10X', 1101170987, 'HUG1H2', 2122, '2', 'BC'),
('69H0ESIF', 1101172573, 'HUG1H2', 2021, '1', 'E'),
('69PANS4H', 1201175163, 'BUG1A2', 2021, '2', 'C'),
('6A2GS2RF', 1101175457, 'CDG4I3', 1718, '1', 'C'),
('6A5VHUKO', 1201179999, 'CDG4M3', 2021, '1', 'B'),
('6BN4EC6T', 1101175312, 'IDH1E2', 2122, '1', 'A'),
('6CHHG2L1', 1301174111, 'CSG2A3', 2021, '2', 'B'),
('6D9NEM6X', 1201179999, 'CDG4G3', 2122, '2', 'C'),
('6DYZT151', 1101175457, 'BAH1G3', 2122, '1', 'D'),
('6E78XKC0', 1301172012, 'CDG4E3', 1718, '2', 'D'),
('6EVBPO8K', 1201171674, 'MUG1B4', 2021, '2', 'A'),
('6FIAH644', 1201171234, 'CIG4C3', 2122, '1', 'A'),
('6FOGNSLX', 1101172573, 'MUG1A4', 1819, '2', 'D'),
('6FPVT7FH', 1101176236, 'EBH0C4', 1718, '1', 'BC'),
('6G4O1OLT', 1101175312, 'IDH1A3', 1718, '1', 'AB'),
('6G9R46QV', 1201173154, 'CIG4I3', 1819, '1', 'AB'),
('6GFRPH81', 1301175234, 'CSG3D3', 2122, '1', 'A'),
('6HBAWKWT', 1301174214, 'HUG1H2', 2021, '2', 'BC'),
('6HDYXF4W', 1201174567, 'CDG4I3', 1718, '1', 'AB'),
('6HMT7VNS', 1101177777, 'IDH1A3', 2122, '1', 'A'),
('6I0DTLL5', 1101174125, 'IDH1B3', 2122, '2', 'B'),
('6I5H5I96', 1301171351, 'CSG3B3', 2122, '1', 'E'),
('6JAF933F', 1101175457, 'KUG1C3', 2021, '1', 'AB'),
('6JWJWZ7I', 1101177777, 'MUG1B4', 1718, '1', 'E'),
('6KAUF2VN', 1201161557, 'CDG4G3', 2122, '1', 'B'),
('6KGRYVAC', 1301161312, 'CIG4I3', 1718, '2', 'C'),
('6LAC3GS4', 1301178673, 'CSH2D3', 1718, '1', 'D'),
('6M6TUGTH', 1301171245, 'CIG4I3', 2122, '1', 'E'),
('6N1R1CUG', 1101175723, 'KUG1C3', 2021, '2', 'AB'),
('6NAJ2VFS', 1301174111, 'MUG1A4', 1819, '2', 'B'),
('6NBQ9H5O', 1101179413, 'BAH1B3', 2122, '1', 'D'),
('6NENRQ0B', 1201161557, 'CDG4G3', 2122, '1', 'D'),
('6OM8EE2T', 1301161312, 'CSG3A3', 2021, '2', 'D'),
('6OYBP44N', 1301171111, 'BUG1E2', 2021, '2', 'BC'),
('6PKN1AJO', 1201166235, 'BUG1A2', 2122, '2', 'C'),
('6Q0HX0K1', 1101171234, 'IKG403', 2021, '2', 'B'),
('6QRV4W41', 1101161244, 'IDH1A3', 1819, '1', 'A'),
('6R6T69I9', 1201171674, 'KUG1C3', 1819, '1', 'A'),
('6R6W76EX', 1101170987, 'IDH1E2', 1819, '1', 'D'),
('6RLOMD8O', 1201179999, 'HUG1H2', 1718, '1', 'AB'),
('6SQUHLKI', 1101176236, 'CDG4H3', 2122, '1', 'E'),
('6TCLBX86', 1301177773, 'CNG4M3', 2021, '2', 'D'),
('6U3SFSDH', 1301179593, 'CIG4E3', 2122, '1', 'B'),
('6U64LRP0', 1101174213, 'IDH1A3', 2021, '1', 'D'),
('6V3C0M7K', 1201175163, 'CIG4K3', 2122, '1', 'E'),
('6V8KUS98', 1301174440, 'CSG3A3', 2122, '2', 'AB'),
('6VJO83MR', 1201179684, 'CIG4F3', 2021, '2', 'B'),
('6VWULZLT', 1101177777, 'IDH1B3', 1819, '1', 'A'),
('6W1KR4OB', 1201175163, 'CDG4H3', 2122, '1', 'C'),
('6WP1AFWP', 1101177126, 'BAH1G3', 2021, '2', 'A'),
('6XHCO4HD', 1101179413, 'MUG1A4', 2122, '1', 'E'),
('6XMTSGTT', 1101170987, 'BAH1G3', 1718, '2', 'BC'),
('6XQ3OF1B', 1301174440, 'CNG4K3', 1819, '1', 'C'),
('6YPCWZZ4', 1101174125, 'BAH1B3', 1819, '1', 'B'),
('6YTOIUR4', 1301171111, 'CNG4M3', 2021, '1', 'B'),
('6ZEDZ01F', 1201171674, 'CIG4F3', 2122, '1', 'A'),
('6ZIGRZGY', 1101175457, 'MUG1A4', 2021, '2', 'AB'),
('702UNTOB', 1101178765, 'IDH1A3', 1718, '2', 'B'),
('71J7URB7', 1201179999, 'HUG1H2', 1819, '2', 'B'),
('72ULXKD2', 1201161557, 'CDG4H3', 2122, '2', 'BC'),
('73P5618Q', 1101178765, 'KUG1C3', 2021, '1', 'B'),
('764L37T0', 1101170987, 'BAH1E3', 1718, '1', 'BC'),
('771267D5', 1301175246, 'CIG4I3', 1819, '1', 'BC'),
('78ADGBA5', 1301174440, 'CSG3L3', 1718, '1', 'E'),
('78NL0F47', 1101174125, 'IKG403', 1819, '1', 'C'),
('78YLYX1H', 1101172573, 'KUG1C3', 2122, '2', 'B'),
('79C5IGTQ', 1301171245, 'CIG4L3', 2122, '1', 'BC'),
('79V4HHMD', 1201165162, 'CIG4B3', 1718, '2', 'A'),
('7AN4RQA1', 1101179413, 'HUG1H2', 1718, '2', 'C'),
('7AUKAUGI', 1201174125, 'CIG4F3', 1819, '1', 'BC'),
('7BO45XN9', 1201167347, 'CIG4E3', 2122, '1', 'A'),
('7C0G2WZU', 1301171351, 'CIG4I3', 2122, '1', 'BC'),
('7C1VBJ44', 1101161244, 'BAH1H2', 2122, '2', 'AB'),
('7CCAHI42', 1101176236, 'BAH1B3', 1819, '2', 'BC'),
('7CLURYS0', 1301179593, 'CDG4G3', 1718, '2', 'A'),
('7D5DD995', 1201171674, 'FUG1A3', 1819, '1', 'BC'),
('7DBGRD8U', 1101161244, 'IDH1E2', 2021, '2', 'BC'),
('7E43GING', 1201173154, 'CIG4G3', 2021, '2', 'E'),
('7ELGRWDV', 1101175457, 'BUG1E2', 1819, '2', 'C'),
('7ELZGY4I', 1101174213, 'BUG1A2', 1819, '2', 'D'),
('7F562O87', 1301172001, 'CSG2A3', 1819, '1', 'E'),
('7FFHIA7Y', 1301179593, 'CIG4L3', 1718, '1', 'B'),
('7FGPRVTF', 1301179593, 'CDG4I3', 1819, '2', 'AB'),
('7FSAJ5DO', 1301172001, 'CSG3L3', 2122, '2', 'BC'),
('7FV7N2LN', 1201172304, 'FUG1A3', 1718, '2', 'AB'),
('7G1Q47UW', 1101178765, 'COH1D3', 2021, '1', 'C'),
('7GB3V9DR', 1301171111, 'CSG3E3', 1819, '2', 'B'),
('7GEUIDH9', 1301178673, 'CIG4I3', 2021, '2', 'A'),
('7GSC7CRY', 1201179999, 'CIG4B3', 1819, '2', 'C'),
('7GUCGS0A', 1301179593, 'CDG4M3', 2122, '2', 'B'),
('7H3F66UX', 1101177126, 'HUG1H2', 2122, '1', 'AB'),
('7H6TAI2O', 1101178651, 'COH1D3', 2122, '1', 'BC'),
('7HJWCRXF', 1101171234, 'BAH1B3', 2021, '1', 'BC'),
('7HOOU574', 1301172012, 'CSG3F3', 1819, '2', 'B'),
('7I16UYHT', 1301175246, 'CDG4K3', 1819, '1', 'E'),
('7JPWWJ9V', 1201175163, 'CIG4G3', 2021, '1', 'C'),
('7JU0TDMF', 1201175163, 'KUG1C3', 1819, '1', 'D'),
('7L0YWWWS', 1201179684, 'CDG4M3', 1718, '1', 'C'),
('7L3D29GC', 1101175312, 'BAH1E3', 2122, '1', 'A'),
('7MOBWSMC', 1101174213, 'IDH1B3', 1718, '2', 'C'),
('7NPPLX4W', 1101175723, 'MUG1A4', 2021, '1', 'C'),
('7NT5AK80', 1301177773, 'CSH2D3', 1718, '1', 'B'),
('7OHPFDC3', 1101170987, 'BAH1B3', 2021, '1', 'E'),
('7OJR1P3R', 1301171111, 'CSG3E3', 2021, '2', 'C'),
('7P8XKDEY', 1201171234, 'CIG4F3', 1819, '2', 'C'),
('7QH8V3T5', 1201179684, 'CDG4H3', 1819, '1', 'C'),
('7QRZ258E', 1201166235, 'BUG1E2', 1819, '1', 'E'),
('7QXH7801', 1101170987, 'BAH1A3', 2122, '1', 'AB'),
('7RA2CA8X', 1101177126, 'IDH1C3', 1718, '1', 'D'),
('7T56I8MR', 1301176622, 'CSG3A3', 1718, '1', 'BC'),
('7T5EPD7G', 1101175673, 'CDG4I3', 1718, '1', 'B'),
('7TJ2WA9X', 1301174111, 'BUG1E2', 2122, '1', 'E'),
('7TTYFJ55', 1101170987, 'CDG4I3', 1718, '1', 'A'),
('7U25AK5C', 1201166235, 'FUG1A3', 2122, '2', 'D'),
('7U57GRTV', 1101175673, 'BAH1E3', 2021, '2', 'A'),
('7VQCJPUW', 1201171234, 'CIG4F3', 2021, '1', 'B'),
('7VYZRH5H', 1101171335, 'IDH1A3', 2122, '2', 'BC'),
('7W7DFTSK', 1201179999, 'CDG4M3', 1819, '2', 'D'),
('7W7FDW7P', 1301173122, 'CDG4K3', 1718, '2', 'B'),
('7YATTQ5Q', 1201161557, 'CDG4G3', 2021, '2', 'D'),
('7YBIH3SY', 1301171245, 'CSG3B3', 2122, '1', 'BC'),
('7YZSCO7D', 1101161244, 'BAH1B3', 1819, '2', 'A'),
('7ZHUQEXN', 1201174125, 'CIG4C3', 1718, '1', 'D'),
('8132HDI7', 1201171674, 'CIG4I3', 2021, '2', 'D'),
('81Z1DL5B', 1101179413, 'HUG1H2', 2021, '1', 'BC'),
('820K3GYF', 1201179684, 'CIG4I3', 2122, '1', 'BC'),
('82H6MK2X', 1201171234, 'CDG4H3', 2122, '1', 'A'),
('82PJQWH4', 1301173122, 'CIG4I3', 1718, '1', 'D'),
('8352MEX4', 1201174125, 'FUG1A3', 2021, '2', 'AB'),
('843HX7DD', 1301178673, 'CSG3L3', 1718, '1', 'C'),
('8463X92T', 1201173625, 'CIG4F3', 2021, '2', 'E'),
('84ZGUPSC', 1201161246, 'BUG1A2', 2122, '1', 'E'),
('8558IYG6', 1301175246, 'CDG4K3', 2021, '2', 'B'),
('858FJ5AG', 1101175723, 'KUG1C3', 2122, '2', 'A'),
('85VNY1ES', 1201173625, 'CIG4B3', 1718, '1', 'C'),
('8618676D', 1101179413, 'FUG1A3', 2021, '1', 'A'),
('86ALX2GP', 1201166235, 'CDG4G3', 2122, '1', 'A'),
('870WZFIC', 1301174111, 'CSG3D3', 2122, '2', 'D'),
('87D67F8Z', 1201174567, 'CIG4I3', 2021, '2', 'D'),
('87I3KUEW', 1101171335, 'MUG1A4', 2021, '2', 'B'),
('87NCSDE1', 1101177126, 'MUG1B4', 2122, '1', 'D'),
('88C3AEDR', 1301175234, 'MUG1A4', 1718, '1', 'A'),
('88H9RBH6', 1201173625, 'CDG4M3', 1718, '1', 'B'),
('88TJ98Z6', 1201165162, 'CIG4G3', 2021, '2', 'A'),
('895NMROH', 1101175673, 'IDH1B3', 2021, '1', 'E'),
('89YBNF0L', 1101174213, 'HUG1H2', 1718, '2', 'AB'),
('8A6H8CXT', 1101170987, 'MUG1A4', 2122, '1', 'D'),
('8B0EV6F5', 1301175234, 'CSG2D3', 1718, '2', 'E'),
('8B4DMYO6', 1101172573, 'FUG1A3', 2122, '1', 'D'),
('8BOI69V2', 1101179413, 'MUG1B4', 2021, '1', 'B'),
('8BR1I8OM', 1201179999, 'CDG4G3', 2021, '1', 'A'),
('8BT4NIX0', 1101170987, 'BAH1E3', 1718, '1', 'AB'),
('8C17268A', 1101175673, 'FUG1A3', 1819, '1', 'C'),
('8C8VOBU0', 1101171335, 'HUG1H2', 2122, '2', 'A'),
('8DDVGH23', 1301176622, 'CDG4E3', 1819, '2', 'E'),
('8DKXSXDF', 1301179593, 'MUG1A4', 1718, '2', 'D'),
('8EJ9YYR5', 1201179684, 'BUG1E2', 2122, '1', 'AB'),
('8EQSZSJG', 1101161244, 'IDH1C3', 1718, '1', 'A'),
('8F72NCMR', 1101177126, 'BUG1A2', 1718, '1', 'A'),
('8FQW0OSV', 1201161246, 'CIG4C3', 1819, '1', 'E'),
('8G382JUZ', 1101175723, 'IDH1D2', 2122, '2', 'AB'),
('8GFOJAJE', 1101174125, 'MUG1B4', 2122, '2', 'BC'),
('8GYXDSRS', 1201166235, 'CDG4M3', 1819, '1', 'D'),
('8IHCYZJL', 1101178651, 'CDG4I3', 1819, '2', 'B'),
('8IO6ZAQX', 1201173154, 'CIG4I3', 2122, '1', 'E'),
('8JKLFSLK', 1201174567, 'KUG1C3', 2021, '1', 'AB'),
('8JWQS495', 1201173154, 'CNG4P3', 1718, '1', 'D'),
('8K2RMEOB', 1101178651, 'BUG1E2', 2021, '2', 'C'),
('8K7RTJD4', 1301178673, 'CSG3L3', 2021, '2', 'AB'),
('8L9DZCRF', 1101171335, 'BAH1E3', 2122, '1', 'AB'),
('8LCVDPYC', 1201166235, 'CIG4L3', 2021, '1', 'E'),
('8LFD29B9', 1201167347, 'CIG4F3', 1718, '2', 'B'),
('8LS3MJ76', 1201170987, 'CIG4L3', 2122, '2', 'D'),
('8LZEP5S8', 1301174214, 'CSG3D3', 1819, '1', 'AB'),
('8M0Z2OUK', 1101178765, 'BAH1H2', 1819, '1', 'A'),
('8O0R8UXE', 1301176622, 'CSG3A3', 1819, '1', 'B'),
('8OJK6KW0', 1201164213, 'CDG4M3', 1718, '1', 'AB'),
('8P4H0GSD', 1101175457, 'IDH1E2', 2021, '2', 'B'),
('8PF8B8F8', 1101175723, 'CDG4H3', 2021, '1', 'BC'),
('8PJAYU0C', 1201174567, 'MUG1B4', 2122, '2', 'C'),
('8QPR6CFX', 1301178673, 'CDG4K3', 2021, '2', 'B'),
('8RVJF25Z', 1301178673, 'MUG1A4', 1718, '1', 'AB'),
('8SEPQFI6', 1301178673, 'CDG4E3', 2021, '2', 'B'),
('8SHPBF9T', 1201171234, 'CIG4B3', 2021, '1', 'B'),
('8SZY0MLY', 1301171111, 'CSG3A3', 1718, '1', 'C'),
('8UGIBIG0', 1301179593, 'KUG1C3', 1819, '1', 'E'),
('8V7K84AR', 1101178765, 'BAH1B3', 2122, '2', 'E'),
('8VR0CLS5', 1101174125, 'IDH1B3', 2021, '2', 'D'),
('8VVAQ2TD', 1301171111, 'CDG4K3', 2122, '1', 'E'),
('8W24O9WF', 1201172304, 'CDG4M3', 2021, '1', 'A'),
('8W93A5WB', 1201175163, 'CIG4I3', 2021, '1', 'A'),
('8X644PF2', 1101175673, 'MUG1A4', 1718, '1', 'C'),
('8XEUAPX2', 1301172001, 'CNG4M3', 1718, '1', 'C'),
('8YRLLGOU', 1201179999, 'CIG4G3', 1819, '2', 'AB'),
('8YZORLIN', 1101175673, 'IDH1C3', 2021, '2', 'A'),
('8ZMHLW5H', 1201171234, 'CIG4I3', 2122, '2', 'E'),
('8ZRBBT6J', 1101177777, 'CDG4I3', 1718, '2', 'BC'),
('8ZTBJXJU', 1301171245, 'MUG1A4', 1718, '2', 'AB'),
('901VE5DG', 1101170987, 'FUG1A3', 2122, '2', 'BC'),
('909VCWOX', 1301177773, 'CSG3L3', 2021, '2', 'C'),
('90UV9PFO', 1301172001, 'CNG4N3', 1718, '1', 'E'),
('91R1YJQJ', 1201170987, 'MUG1A4', 2122, '1', 'E'),
('92139UXO', 1201171234, 'CIG4G3', 2122, '1', 'B'),
('92DT4Z5G', 1301176622, 'CIG4L3', 1718, '1', 'AB'),
('92Q9KLS4', 1201175163, 'CIG4E3', 1819, '1', 'BC'),
('93N90NV3', 1101175312, 'BAH1H2', 2122, '2', 'C'),
('942428WX', 1301175234, 'MUG1B4', 1819, '1', 'BC'),
('94XCKIMA', 1101175457, 'MUG1B4', 2122, '2', 'A'),
('95WRA4K0', 1101175312, 'BAH1H2', 2021, '2', 'AB'),
('9618EFBM', 1101175312, 'IDH1C3', 1718, '2', 'E'),
('970ZXB2H', 1301176622, 'CDG4E3', 2021, '1', 'C'),
('97CHDZUD', 1101177777, 'BAH1A3', 2021, '2', 'E'),
('97OGUC03', 1301178673, 'HUG1H2', 2122, '2', 'C'),
('98P3P2J2', 1101176236, 'BUG1E2', 1819, '1', 'AB'),
('991FTWBP', 1201179684, 'HUG1H2', 2122, '1', 'A'),
('992ZUHQX', 1101175457, 'IDH1E2', 1718, '1', 'C'),
('995YI8PL', 1301171111, 'BUG1E2', 1819, '1', 'BC'),
('9977SFSK', 1301172012, 'CDG4E3', 2021, '2', 'AB'),
('99TYUEAB', 1201167347, 'BUG1E2', 2021, '1', 'C'),
('9A3ULN2R', 1101172573, 'EBH0C4', 1718, '1', 'B'),
('9ACKS1XL', 1201171674, 'CDG4G3', 1718, '1', 'C'),
('9BLQMWP6', 1101175723, 'FUG1A3', 2122, '1', 'D'),
('9CARO70E', 1201161557, 'FUG1A3', 2122, '2', 'D'),
('9CNH7QAV', 1101171335, 'BAH1B3', 2021, '1', 'A'),
('9DAPXJXN', 1201166235, 'HUG1H2', 1819, '1', 'D'),
('9DDNXOH8', 1201171234, 'CIG4F3', 2122, '2', 'B'),
('9DQVCRZE', 1301174440, 'CSG2D3', 2021, '2', 'AB'),
('9DUZAG73', 1101175312, 'BUG1E2', 2122, '1', 'BC'),
('9DYBIXRH', 1201161557, 'CDG4H3', 2021, '2', 'BC'),
('9EX9SBD9', 1301174440, 'CSG3D3', 1718, '1', 'AB'),
('9FK5NWAW', 1301177773, 'CSG3D3', 1718, '2', 'AB'),
('9FL1NZP5', 1201172304, 'CNG4P3', 2021, '1', 'C'),
('9FNAN4TE', 1301172012, 'MUG1B4', 2021, '1', 'B'),
('9GHWSGQU', 1101177777, 'BAH1G3', 2122, '2', 'B'),
('9I2OXGVX', 1301175246, 'CIG4L3', 1819, '2', 'BC'),
('9ILGLSSD', 1201179999, 'CDG4I3', 1718, '2', 'BC'),
('9JF9VUEA', 1201179684, 'CIG4F3', 1718, '1', 'E'),
('9JKOCF59', 1101177126, 'IDH1D2', 1718, '1', 'AB'),
('9K5Q38TO', 1101174125, 'IDH1E2', 2021, '1', 'A'),
('9L1LAU5B', 1201171234, 'CDG4M3', 1819, '2', 'BC'),
('9L4BHJ9X', 1101170987, 'MUG1A4', 1718, '1', 'A'),
('9L8GCCM6', 1301161312, 'CIG4I3', 2021, '2', 'E'),
('9ML52YHV', 1201172304, 'CIG4B3', 2021, '1', 'A'),
('9NNRFQ60', 1201170987, 'CIG4E3', 1718, '1', 'D'),
('9O1EEPJB', 1101175457, 'IDH1A3', 2021, '2', 'B'),
('9OGIGHLG', 1201175163, 'CDG4I3', 2122, '1', 'B'),
('9OIDG1ZO', 1201164213, 'FUG1A3', 1819, '2', 'A'),
('9OIX1XRG', 1301179593, 'CNG4P3', 2021, '1', 'B'),
('9PWNU9NK', 1301161312, 'CDG4K3', 2122, '1', 'D'),
('9Q9GTNSL', 1101178651, 'BUG1A2', 2021, '1', 'AB'),
('9QV8JLIC', 1201170987, 'CDG4H3', 2122, '1', 'A'),
('9QX0E2TI', 1201179999, 'CIG4I3', 2122, '1', 'C'),
('9R3RKPB0', 1101175673, 'BUG1E2', 1718, '2', 'BC'),
('9RE64TIG', 1101175457, 'BAH1F4', 2021, '1', 'B'),
('9T279J0V', 1201172304, 'CDG4M3', 2021, '1', 'BC'),
('9U3VBCAL', 1101176236, 'BUG1E2', 1718, '1', 'C'),
('9U8SBEXD', 1101174213, 'IDH1B3', 2122, '1', 'D'),
('9VHOHMJ4', 1301174440, 'CSG3E3', 1819, '1', 'D'),
('9VQ8CILH', 1101177126, 'IDH1E2', 2122, '1', 'E'),
('9VXZFGPR', 1201174567, 'FUG1A3', 2021, '1', 'AB'),
('9WD0NZN5', 1301171245, 'BUG1E2', 2021, '2', 'BC'),
('9WDBIYNP', 1201171674, 'BUG1A2', 1718, '2', 'BC'),
('9WTSORUW', 1301174440, 'CDG4E3', 1819, '2', 'D'),
('9X15NRYT', 1201172304, 'CIG4F3', 2021, '1', 'C'),
('9XAC5H3A', 1201173154, 'CIG4F3', 1819, '2', 'AB'),
('9XCKFO9G', 1101174125, 'IDH1A3', 2122, '2', 'C'),
('9YMEZ5OS', 1301172012, 'CIG4L3', 2122, '2', 'E'),
('9ZJOIEC4', 1201174125, 'BUG1E2', 2021, '2', 'B'),
('9ZMIIS61', 1101171335, 'BUG1E2', 2021, '1', 'C'),
('A02M3CFW', 1101175723, 'FUG1A3', 1718, '2', 'A'),
('A125AJCJ', 1301174214, 'CIG4I3', 1819, '2', 'E'),
('A1NZD8VT', 1201161557, 'CIG4F3', 2122, '1', 'BC'),
('A2SISE9S', 1101178765, 'BAH1A3', 1718, '1', 'E'),
('A2VFFKMM', 1201174125, 'CIG4L3', 1718, '1', 'BC'),
('A3ENX2RD', 1101178651, 'KUG1C3', 2122, '2', 'B'),
('A3HJ92YL', 1201173625, 'CIG4C3', 1819, '1', 'BC'),
('A3PN1WET', 1201174125, 'CIG4B3', 2021, '1', 'C'),
('A3SLS546', 1201173625, 'CNG4P3', 1718, '2', 'C'),
('A434UZJ6', 1301161312, 'CSH2D3', 2021, '2', 'C'),
('A470NMJN', 1201179684, 'CDG4H3', 1718, '2', 'B'),
('A4T291SF', 1201161246, 'KUG1C3', 1819, '2', 'A'),
('A5JOXWMV', 1301174111, 'CSH2D3', 1819, '1', 'E'),
('A5T1X150', 1201171674, 'CDG4M3', 1718, '2', 'A'),
('A67PJH7B', 1201170987, 'CIG4F3', 1819, '1', 'B'),
('A7221SZU', 1201179999, 'BUG1A2', 1819, '1', 'E'),
('A73KBZ7Q', 1301174440, 'CIG4I3', 2122, '1', 'C'),
('A8B4OF0J', 1201179999, 'CIG4L3', 2122, '2', 'B'),
('A8G2U5UQ', 1201161246, 'CDG4M3', 2122, '1', 'B'),
('A94FNL2S', 1201164213, 'KUG1C3', 1819, '1', 'BC'),
('A9VM5O85', 1301175234, 'CNG4M3', 1718, '1', 'BC'),
('AAH4O1DB', 1201166235, 'CDG4I3', 1819, '1', 'BC'),
('AAIM4LE2', 1101171335, 'CDG4I3', 1819, '2', 'B'),
('AB49AI8U', 1101161244, 'FUG1A3', 1819, '1', 'B'),
('ABY6AMTS', 1301172001, 'CIG4L3', 1819, '2', 'B'),
('AD4652TO', 1301173122, 'MUG1B4', 1819, '1', 'A'),
('ADYS0SMM', 1101175673, 'IDH1C3', 2122, '2', 'B'),
('AEERQ67A', 1301172012, 'CNG4N3', 2122, '1', 'AB'),
('AEH0UYAF', 1201161557, 'MUG1A4', 1819, '1', 'BC'),
('AEL4DJUO', 1301173122, 'CSH2D3', 2122, '1', 'AB'),
('AELF5691', 1201175163, 'BUG1A2', 1819, '1', 'B'),
('AF71SWHN', 1201161557, 'BUG1E2', 1819, '2', 'A'),
('AFPIRM77', 1201175163, 'CIG4G3', 1819, '2', 'E'),
('AG8JV0IK', 1301171111, 'CSH2D3', 1819, '1', 'BC'),
('AGL9RF72', 1201172304, 'BUG1E2', 1819, '2', 'AB'),
('AHN8DCOD', 1201161246, 'MUG1A4', 1819, '1', 'D'),
('AHYLX93Z', 1101175673, 'BAH1A3', 2122, '1', 'AB'),
('AIHHR4VC', 1201174125, 'CIG4I3', 2021, '1', 'D'),
('AISIYEVU', 1101174213, 'BAH1A3', 2021, '1', 'B'),
('AK1LZTMO', 1201174567, 'CDG4H3', 1718, '1', 'D'),
('AK8WKQ3O', 1201172304, 'MUG1B4', 1718, '1', 'BC'),
('ALJH7D1Y', 1101171234, 'KUG1C3', 1819, '1', 'AB'),
('ALM1UY4W', 1201173154, 'CDG4I3', 2122, '2', 'A'),
('AMALKDYX', 1301172001, 'CSG3B3', 1819, '2', 'BC'),
('AMUDVSRK', 1101175673, 'IDH1D2', 2021, '1', 'E'),
('AN71CNJJ', 1201165162, 'BUG1A2', 1718, '1', 'AB'),
('APQ47FIM', 1201173154, 'CIG4B3', 2021, '2', 'E'),
('ASU95SA8', 1201167347, 'CNG4P3', 1819, '2', 'BC'),
('ATVOA1RC', 1101175723, 'COH1D3', 2122, '2', 'D'),
('AU3QF93T', 1301161312, 'CNG4N3', 2021, '2', 'E'),
('AUTEMOTP', 1301171245, 'CNG4N3', 2122, '2', 'C'),
('AUZW6HG5', 1101177777, 'IDH1B3', 1819, '1', 'C'),
('AVDM5NQQ', 1301179593, 'CDG4I3', 1819, '2', 'E'),
('AVHJ8QEX', 1301161312, 'CNG4N3', 2122, '1', 'E'),
('AVUVKZ8B', 1101175723, 'HUG1H2', 1718, '2', 'E'),
('AWPPKKW7', 1101179413, 'MUG1B4', 2021, '2', 'BC'),
('AWTMAV3B', 1201172304, 'CDG4H3', 1718, '2', 'C'),
('AWUTVS7K', 1201171674, 'KUG1C3', 1718, '1', 'B'),
('AWW05W2N', 1301179593, 'BUG1A2', 2122, '2', 'C'),
('AX9ZRVYB', 1301171245, 'CSG3F3', 2021, '1', 'D'),
('AXT9MFNU', 1101177777, 'IDH1B3', 1819, '2', 'BC'),
('AYAHCVZM', 1201179684, 'BUG1A2', 2021, '1', 'B'),
('AZOD4HFQ', 1101178765, 'CDG4H3', 2122, '2', 'B'),
('AZQZD0TQ', 1201171674, 'CIG4K3', 1819, '1', 'E'),
('B04FJIV2', 1301174111, 'CSH2D3', 1718, '2', 'AB'),
('B0I4VFR4', 1101176236, 'BUG1E2', 1718, '2', 'A'),
('B0SAGCSE', 1201166235, 'CIG4E3', 1718, '1', 'BC'),
('B11LOG1Y', 1101176236, 'IDH1E2', 2021, '1', 'A'),
('B1LI5DBZ', 1101172573, 'COH1D3', 1819, '2', 'A'),
('B2CSAAI7', 1201161557, 'CIG4F3', 2122, '2', 'B'),
('B4CYIGSM', 1201165162, 'CIG4I3', 2122, '2', 'C'),
('B4G87OD1', 1101171234, 'BUG1A2', 2021, '2', 'AB'),
('B4HUJK5O', 1101177126, 'HUG1H2', 1819, '2', 'D'),
('B4SF1V6E', 1101176236, 'BAH1E3', 2021, '2', 'C'),
('B4ZS645K', 1201172304, 'CDG4H3', 2122, '1', 'A'),
('B685YBNO', 1301177773, 'CNG4M3', 1718, '2', 'B'),
('B8AQ41EJ', 1201164213, 'CDG4H3', 1718, '2', 'C'),
('B9YO64SV', 1301175246, 'MUG1A4', 2021, '2', 'B'),
('BA189ODT', 1101178765, 'BAH1E3', 2021, '2', 'A'),
('BA72SDFS', 1201173625, 'CDG4H3', 1718, '2', 'E'),
('BAMZ1U9L', 1201179999, 'CDG4I3', 2122, '1', 'D'),
('BAW7YUVX', 1301178673, 'CIG4I3', 2021, '1', 'A'),
('BCEUW370', 1301171245, 'KUG1C3', 2122, '2', 'E'),
('BD6E3FX2', 1101170987, 'BAH1E3', 1819, '1', 'A'),
('BDHCHWIR', 1101175723, 'BUG1E2', 1819, '1', 'E'),
('BE5RWYHH', 1101172573, 'IDH1C3', 2122, '1', 'C'),
('BE7YWU7F', 1101175312, 'BAH1F4', 1819, '1', 'AB'),
('BEF7TO4Q', 1101172573, 'IDH1A3', 2122, '1', 'C'),
('BER2PEEX', 1101172573, 'IDH1A3', 1718, '1', 'BC'),
('BFNHUH0Y', 1101175457, 'BAH1F4', 1718, '2', 'E'),
('BG0KJ69T', 1101170987, 'BUG1E2', 1718, '2', 'A'),
('BG2121OB', 1301178673, 'CSG3D3', 2122, '1', 'B'),
('BH18R5EY', 1201165162, 'CIG4K3', 1718, '2', 'B'),
('BH1BY57P', 1101175723, 'BAH1A3', 1718, '2', 'C'),
('BH2PRIYV', 1201164213, 'CIG4L3', 1718, '2', 'C'),
('BI84J9DQ', 1101175673, 'HUG1H2', 2122, '2', 'AB'),
('BJPB3GOV', 1101175457, 'CDG4H3', 2122, '1', 'E'),
('BK5S7R44', 1301171245, 'MUG1B4', 1819, '2', 'BC'),
('BKEDT4U0', 1101175673, 'BAH1B3', 2122, '2', 'B'),
('BKGSHAFY', 1301174440, 'BUG1E2', 2021, '2', 'C'),
('BKI5XODF', 1301177773, 'CNG4N3', 2122, '1', 'C'),
('BL643RF1', 1101176236, 'IDH1A3', 1718, '1', 'BC'),
('BMQ2TZ9H', 1301171245, 'CSG2D3', 1718, '2', 'BC'),
('BN5OIREC', 1201165162, 'CIG4C3', 1718, '2', 'D'),
('BNT0EUHN', 1101171234, 'MUG1B4', 1819, '1', 'AB'),
('BOGYXLXS', 1301174214, 'CSG3F3', 2122, '2', 'AB'),
('BOHOA8IZ', 1201167347, 'CIG4I3', 1718, '1', 'D'),
('BOM234LN', 1201165162, 'CDG4M3', 2122, '1', 'D'),
('BOPYY9PH', 1101174125, 'EBH0C4', 1819, '2', 'C'),
('BPQ7JWUQ', 1101178765, 'BAH1F4', 2021, '2', 'C'),
('BQ26A111', 1201172304, 'CIG4E3', 1718, '1', 'E'),
('BQMO0P4V', 1101175457, 'BUG1E2', 1718, '1', 'B'),
('BQXUAFV4', 1301177773, 'CNG4K3', 1819, '2', 'BC'),
('BSOXM0Z9', 1101179413, 'EBH0C4', 1819, '2', 'D'),
('BSTARVPM', 1201179684, 'BUG1E2', 1718, '2', 'D'),
('BT4BL128', 1101175673, 'BAH1B3', 1819, '2', 'BC'),
('BTLS7PQI', 1301172001, 'CIG4I3', 1718, '1', 'A'),
('BUJV57K4', 1101175312, 'IKG403', 2122, '1', 'C'),
('BUXMI9ZK', 1201174567, 'CIG4L3', 2122, '2', 'AB'),
('BVAIUXAU', 1201161246, 'BUG1E2', 1819, '2', 'E'),
('BW6JCDRV', 1201179999, 'CDG4H3', 2122, '1', 'A'),
('BWH7ZPDK', 1101161244, 'BAH1G3', 2021, '1', 'E'),
('BWI4NBAM', 1301174214, 'CSG3L3', 1819, '1', 'AB'),
('BWR3ZHJB', 1101175457, 'IDH1A3', 2021, '1', 'D'),
('BXASO9GK', 1101174213, 'CDG4I3', 2122, '2', 'A'),
('BY46MC02', 1301175246, 'KUG1C3', 2122, '2', 'BC'),
('BYJBUPHG', 1301179593, 'CNG4P3', 2021, '2', 'D'),
('BZK4U95V', 1201167347, 'CIG4G3', 1819, '1', 'C'),
('BZVVHQ5R', 1101171234, 'MUG1B4', 1718, '2', 'B'),
('C069HAIQ', 1101179413, 'IDH1D2', 1819, '1', 'C'),
('C0J7QYWZ', 1101175457, 'BAH1B3', 1718, '2', 'BC'),
('C18YT9B2', 1301177773, 'CSG3L3', 2021, '2', 'D'),
('C1PW4W2E', 1301178673, 'CSG2A3', 2021, '1', 'D'),
('C1RYTOQR', 1101174213, 'FUG1A3', 1819, '1', 'C'),
('C26TVZQJ', 1301174440, 'CDG4K3', 2021, '2', 'D'),
('C2X8GZUM', 1201174567, 'KUG1C3', 2021, '2', 'AB'),
('C46SLI6U', 1301174440, 'CSH2D3', 2021, '1', 'B'),
('C4U7UIC8', 1101175312, 'IDH1C3', 2122, '2', 'BC'),
('C51L2XDG', 1101161244, 'BAH1H2', 1718, '1', 'C'),
('C5AJCSNG', 1301171111, 'CSG3A3', 2021, '2', 'C'),
('C61OGBJV', 1301177773, 'CNG4M3', 1819, '2', 'D'),
('C6M8YWX2', 1301171245, 'CSG2F3', 1718, '1', 'B'),
('C6QESV53', 1301173122, 'BUG1E2', 1718, '2', 'B'),
('C87UD6DM', 1301179593, 'FUG1A3', 2021, '2', 'C'),
('C8AG7DX0', 1301178673, 'CSG3E3', 2122, '2', 'B'),
('C8BJMUJZ', 1301172012, 'CNG4N3', 1718, '2', 'AB'),
('C8DAG8W0', 1201161557, 'CDG4I3', 1718, '2', 'B'),
('C8LORBDE', 1301175246, 'MUG1A4', 2021, '1', 'BC'),
('C8O5F50K', 1301174214, 'CIG4L3', 1819, '2', 'A'),
('C94OTO9S', 1101174125, 'IKG403', 2021, '2', 'BC'),
('C9FION9C', 1201165162, 'CIG4C3', 2122, '1', 'BC'),
('CA06T5JT', 1101177777, 'IDH1C3', 1819, '2', 'A'),
('CAQWMHF6', 1201170987, 'CIG4K3', 1819, '1', 'BC'),
('CC2BWIE8', 1201170987, 'CIG4C3', 2021, '2', 'D'),
('CC3Q5RZV', 1201164213, 'MUG1A4', 1819, '2', 'E'),
('CCOP9WDV', 1201171234, 'MUG1B4', 2021, '1', 'C'),
('CCYX2U6E', 1301171351, 'CSG3B3', 1718, '1', 'D'),
('CDEQEONC', 1201164213, 'CIG4F3', 1819, '1', 'C'),
('CDOJG2QF', 1201173625, 'CDG4I3', 2122, '1', 'B'),
('CDY2WHEH', 1301175234, 'BUG1E2', 1718, '2', 'BC'),
('CFLTS4J8', 1101175723, 'KUG1C3', 1819, '2', 'D'),
('CGW09U6A', 1101174125, 'BUG1E2', 1819, '1', 'BC'),
('CHJ4G6BT', 1101172573, 'IDH1C3', 2122, '2', 'AB'),
('CIGKO5H2', 1101174125, 'CDG4I3', 2122, '1', 'A'),
('CKQ6ETQR', 1301172001, 'CSG3E3', 1718, '1', 'A'),
('CL1IHVNN', 1101172573, 'BAH1H2', 1718, '1', 'E'),
('CL67CQYG', 1301171245, 'CSG3D3', 2122, '1', 'E'),
('CLNYR1WG', 1301174111, 'CDG4K3', 1718, '2', 'BC'),
('CM87KLP1', 1201172304, 'CIG4F3', 2021, '1', 'AB'),
('CM9GQ2RP', 1201165162, 'CIG4I3', 1718, '1', 'E'),
('CORXCOZT', 1201165162, 'CIG4G3', 1819, '1', 'C'),
('CQJAOH4F', 1101176236, 'BUG1A2', 2021, '1', 'B'),
('CQZCYCGO', 1201179999, 'BUG1A2', 2122, '2', 'BC'),
('CS230IYB', 1101171335, 'IDH1D2', 1718, '2', 'B'),
('CS4MGP40', 1101178651, 'COH1D3', 1819, '1', 'A'),
('CSGYMQ20', 1201173154, 'CDG4I3', 2021, '2', 'A'),
('CSH0ZSH3', 1201165162, 'CIG4K3', 1718, '1', 'BC'),
('CSNF8K3Z', 1101174125, 'MUG1A4', 1718, '1', 'BC'),
('CSVVTKZK', 1301175246, 'KUG1C3', 1718, '1', 'C'),
('CT2HPQEU', 1201179684, 'CDG4H3', 2122, '2', 'E'),
('CT55E95D', 1301172012, 'HUG1H2', 1819, '2', 'B'),
('CTGT6NC8', 1301175234, 'CSG3A3', 2021, '1', 'D'),
('CTVI1TCT', 1301173122, 'HUG1H2', 1718, '2', 'A'),
('CU09PPRO', 1201171674, 'CIG4B3', 1819, '1', 'A'),
('CVFD39G2', 1201171234, 'CDG4M3', 2021, '1', 'D'),
('CVLERNOV', 1301171245, 'CSG3E3', 1718, '1', 'B'),
('CVZF1EG3', 1101175312, 'BAH1E3', 1819, '1', 'E'),
('CXCCSCMP', 1301171111, 'MUG1A4', 1819, '2', 'B'),
('CXH4PNQE', 1101175673, 'IDH1B3', 2122, '1', 'BC'),
('CXOAR19R', 1101171234, 'BUG1E2', 1718, '1', 'D'),
('CXTD0K1C', 1101177126, 'BAH1H2', 1819, '2', 'AB'),
('CXTDSGL4', 1201171234, 'CDG4M3', 1819, '1', 'C'),
('CZCPXB7K', 1301174214, 'CNG4M3', 1718, '1', 'D'),
('CZH52H98', 1101176236, 'HUG1H2', 2021, '2', 'C'),
('CZW1Q4LH', 1101171335, 'IDH1A3', 2122, '1', 'C'),
('D08NYGD8', 1201172304, 'CDG4G3', 2021, '1', 'AB'),
('D2TM7WFL', 1101175723, 'BUG1A2', 1718, '2', 'D'),
('D2U913X2', 1201173154, 'FUG1A3', 1718, '2', 'B'),
('D2V7J8YH', 1101170987, 'CDG4I3', 1819, '2', 'B'),
('D2WT5XG1', 1301176622, 'HUG1H2', 2122, '1', 'A'),
('D39UO43E', 1101175312, 'BAH1E3', 1718, '1', 'A'),
('D4MRXPLR', 1101177777, 'MUG1B4', 1718, '1', 'D'),
('D4NOXH14', 1101179413, 'IDH1B3', 1718, '2', 'AB'),
('D54PXG92', 1201161557, 'BUG1A2', 2021, '1', 'BC'),
('D5C48LY2', 1101175673, 'MUG1B4', 2021, '2', 'E'),
('D5HAG8H8', 1101177777, 'CDG4I3', 1819, '2', 'D'),
('D67D7KNI', 1201164213, 'BUG1A2', 1819, '2', 'D'),
('D7221E32', 1101177126, 'BAH1A3', 2021, '1', 'D'),
('D84YP74M', 1301173122, 'CDG4K3', 1718, '1', 'AB'),
('D869N2DU', 1201171674, 'CIG4F3', 1819, '2', 'C'),
('D8RQ4RZO', 1301171245, 'HUG1H2', 2122, '1', 'C'),
('D9PGAFQ5', 1201174567, 'CIG4E3', 1718, '1', 'D'),
('DA89ASRR', 1201170987, 'BUG1A2', 2021, '1', 'AB'),
('DAGJX92Q', 1101175312, 'CDG4H3', 1718, '2', 'E'),
('DASYFOSQ', 1201161246, 'CIG4I3', 2021, '1', 'A'),
('DAZ5E75M', 1301178673, 'CSG2D3', 2122, '1', 'D'),
('DBK27OZH', 1301172001, 'CIG4L3', 1819, '2', 'D'),
('DCAT5Q2E', 1201170987, 'BUG1A2', 2021, '2', 'AB'),
('DCRK6LIY', 1301173122, 'CSG2F3', 2122, '2', 'C'),
('DDRWLVZ4', 1201166235, 'FUG1A3', 1819, '2', 'AB'),
('DDTNYJRI', 1101161244, 'BUG1E2', 1819, '1', 'C'),
('DF0ONC95', 1101179413, 'BUG1A2', 1718, '2', 'AB'),
('DF7INEEQ', 1101161244, 'BAH1E3', 2122, '1', 'B'),
('DF9BZ1F2', 1101175457, 'BAH1B3', 2021, '1', 'AB'),
('DFD1X6NE', 1201164213, 'KUG1C3', 1718, '1', 'B'),
('DFUI343E', 1101175673, 'BAH1F4', 1718, '2', 'A'),
('DGV50QIH', 1201171674, 'BUG1A2', 2122, '2', 'AB'),
('DIIC6C8T', 1101175312, 'BAH1H2', 1718, '1', 'E'),
('DIIO4G2A', 1101177777, 'BAH1A3', 1718, '2', 'AB'),
('DJBTORJV', 1301161312, 'HUG1H2', 2122, '1', 'D'),
('DJF9TGKG', 1301178673, 'CSG3G3', 1819, '2', 'A'),
('DJSXUYMK', 1101177777, 'IKG403', 1819, '2', 'A'),
('DJXAQDD8', 1201173625, 'CDG4G3', 1718, '1', 'C'),
('DK41U17Y', 1301177773, 'CSG3E3', 1718, '1', 'E'),
('DKDKOE3T', 1301175246, 'CNG4M3', 1819, '2', 'BC'),
('DL4H7LMY', 1201173625, 'CIG4E3', 1718, '2', 'C'),
('DL611YQ9', 1201166235, 'MUG1B4', 2021, '1', 'B'),
('DMYD0C8F', 1101175312, 'COH1D3', 1819, '2', 'C'),
('DMZL91P4', 1101172573, 'BAH1E3', 2122, '2', 'E'),
('DNKVVMJ5', 1101175723, 'BAH1F4', 2122, '2', 'B'),
('DOFA5708', 1301161312, 'CSG3F3', 1819, '1', 'A'),
('DOH67YKI', 1301179593, 'CIG4L3', 1819, '2', 'D'),
('DOXLJ3E4', 1301179593, 'CIG4I3', 2021, '1', 'C'),
('DP4WDXEO', 1301173122, 'CSG2F3', 1819, '1', 'A'),
('DP7GHOVZ', 1101177777, 'IDH1E2', 2122, '1', 'B'),
('DPGLWJ6H', 1101175673, 'IDH1C3', 1819, '1', 'D'),
('DPOR8CDC', 1101177126, 'BAH1A3', 1718, '2', 'C'),
('DPR1Y5UF', 1201171674, 'CIG4G3', 1718, '1', 'AB'),
('DPZTHX0S', 1301173122, 'MUG1B4', 2122, '1', 'D'),
('DQDBU7MH', 1201174125, 'CDG4M3', 1819, '1', 'BC'),
('DRNVH6NS', 1201166235, 'BUG1A2', 1718, '1', 'C'),
('DSIXFNHX', 1201164213, 'CIG4F3', 1819, '1', 'BC'),
('DT7NQD4K', 1101175723, 'BUG1A2', 1718, '1', 'B'),
('DUC8WPYT', 1101174125, 'BAH1H2', 1819, '1', 'E'),
('DUJ3084M', 1301177773, 'KUG1C3', 2021, '1', 'A'),
('DULMTFJ2', 1101178765, 'MUG1A4', 2021, '1', 'B'),
('DURHYXCV', 1201161557, 'CIG4G3', 1819, '1', 'BC'),
('DUTLS9FY', 1301179593, 'CIG4K3', 2021, '1', 'AB'),
('DUU2MS3Y', 1201170987, 'FUG1A3', 1718, '2', 'E'),
('DVIQ29ZA', 1301173122, 'CIG4L3', 2021, '2', 'C'),
('DW9LNNG7', 1101176236, 'CDG4H3', 1718, '2', 'A'),
('DWM6IEWY', 1101175673, 'MUG1A4', 1718, '1', 'B'),
('DWWCP36J', 1201164213, 'CIG4B3', 1819, '2', 'BC'),
('DXMETT8V', 1101175673, 'BUG1E2', 2021, '2', 'AB'),
('DY6411DH', 1101177777, 'IKG403', 2122, '1', 'BC'),
('DYFB87I2', 1301172012, 'CIG4I3', 1819, '2', 'B'),
('DYVEK2EL', 1101178765, 'CDG4I3', 2021, '1', 'BC'),
('DZMT5SNV', 1201161246, 'CDG4I3', 1718, '1', 'E'),
('DZN04MU9', 1201174567, 'CIG4C3', 2021, '2', 'C'),
('E00AVGWI', 1101171335, 'HUG1H2', 2122, '2', 'B'),
('E0F53XX3', 1301176622, 'CSG3F3', 1718, '1', 'AB'),
('E0K320KZ', 1201172304, 'MUG1A4', 1718, '2', 'BC'),
('E0TDNBVY', 1201166235, 'MUG1A4', 1819, '2', 'B'),
('E2WPBS3J', 1301172012, 'CNG4M3', 2021, '2', 'A'),
('E3KH1WPY', 1301171245, 'CNG4N3', 2122, '2', 'C'),
('E3QSVO6Y', 1201179684, 'MUG1A4', 2122, '1', 'AB'),
('E3WHF7PB', 1101179413, 'BAH1F4', 1718, '1', 'C'),
('E4KAR89M', 1201165162, 'CNG4P3', 2021, '1', 'BC'),
('E4KDBCEL', 1101177777, 'BUG1A2', 2122, '2', 'C'),
('E4QQD09P', 1101171335, 'IDH1D2', 1718, '1', 'D'),
('E826UC2Q', 1301174214, 'CSG3E3', 2122, '2', 'AB'),
('E8V2UMYG', 1301172012, 'CDG4E3', 2122, '2', 'AB'),
('E9I214KP', 1101175673, 'COH1D3', 2122, '2', 'D'),
('EAN4DGCP', 1301179593, 'KUG1C3', 2021, '2', 'B'),
('EBQBY1SF', 1201167347, 'CIG4F3', 2122, '1', 'B'),
('EBYUQ4S7', 1201166235, 'CDG4G3', 1819, '2', 'C'),
('ED5VY01B', 1101178651, 'HUG1H2', 2021, '2', 'A'),
('EDCOKHOO', 1301171245, 'CSG2F3', 2122, '1', 'E'),
('EECF2NK1', 1101175312, 'HUG1H2', 2021, '2', 'AB'),
('EFK4M6XZ', 1301174214, 'CSG2D3', 2122, '1', 'D'),
('EG5HKUQA', 1201175163, 'CDG4I3', 1718, '2', 'B'),
('EG6C26UB', 1201179684, 'CNG4P3', 2122, '1', 'AB'),
('EGK1JUSB', 1101171335, 'IKG403', 1819, '1', 'A'),
('EGPHSHLZ', 1201173154, 'CDG4I3', 2122, '1', 'A'),
('EH7EQEW9', 1201175163, 'CIG4E3', 1718, '1', 'AB'),
('EHFO5LP0', 1201167347, 'HUG1H2', 2021, '1', 'BC');
INSERT INTO `mengambil` (`reg_id`, `nim`, `mk_id`, `thn_ajaran`, `semester`, `nilai`) VALUES
('EJWQDIHM', 1301173122, 'CIG4I3', 2122, '1', 'C'),
('EKIXGLEG', 1101176236, 'MUG1A4', 1819, '1', 'A'),
('EKNFU6O0', 1101171335, 'BAH1H2', 1718, '1', 'B'),
('EL4IZA8J', 1101177777, 'BAH1A3', 1718, '2', 'A'),
('EM2PWI88', 1301176622, 'CSG2D3', 2122, '2', 'B'),
('EMLK09FH', 1301177773, 'CNG4K3', 1819, '1', 'D'),
('EPSMMZJ9', 1201175163, 'CDG4H3', 2021, '1', 'A'),
('EQ16A7DA', 1101172573, 'KUG1C3', 1718, '2', 'C'),
('EQM587GQ', 1301174214, 'CSG2D3', 1718, '2', 'E'),
('EQXMBJR2', 1101161244, 'MUG1B4', 1819, '1', 'AB'),
('ERWCVUPL', 1101175312, 'MUG1A4', 1718, '1', 'C'),
('ES0L6NSV', 1101178651, 'HUG1H2', 2021, '2', 'AB'),
('ET4QIXNT', 1101175312, 'BAH1E3', 1718, '1', 'D'),
('EU1AWI8C', 1101177126, 'BAH1B3', 1718, '1', 'E'),
('EVG4W29Z', 1301177773, 'CNG4K3', 2122, '2', 'D'),
('EVOP7S38', 1101175457, 'BAH1F4', 1819, '2', 'E'),
('EWHXEVQF', 1301179593, 'CDG4G3', 2122, '1', 'AB'),
('EWSIUKTJ', 1201174125, 'CDG4I3', 1819, '2', 'E'),
('EXFW7MMZ', 1101171234, 'BAH1A3', 2122, '1', 'C'),
('EXGKJQ75', 1201179684, 'CIG4L3', 2021, '2', 'D'),
('EXZ2D1SC', 1201174125, 'HUG1H2', 1819, '1', 'A'),
('EY1NWEKO', 1101178651, 'BUG1A2', 2122, '1', 'E'),
('EY489GV8', 1201173625, 'CDG4I3', 1819, '2', 'AB'),
('EY4IJDEY', 1201161246, 'HUG1H2', 1819, '2', 'D'),
('EYLKEL6U', 1301173122, 'CSH2D3', 1819, '2', 'B'),
('EYLS9M9R', 1201165162, 'HUG1H2', 1718, '1', 'A'),
('EYNLF7QC', 1201164213, 'CDG4I3', 2021, '1', 'BC'),
('EYOBZB5F', 1101177777, 'MUG1A4', 2021, '1', 'E'),
('EZ11GR1Y', 1201164213, 'BUG1E2', 2021, '1', 'D'),
('EZUWNUU6', 1301171351, 'CSG3L3', 1718, '2', 'AB'),
('F0DHCZ43', 1101176236, 'BAH1B3', 1718, '2', 'BC'),
('F0RDP4MA', 1201179999, 'FUG1A3', 2122, '2', 'BC'),
('F0RZJ32C', 1201167347, 'CIG4I3', 1819, '1', 'BC'),
('F0TK13VH', 1301175246, 'CSG3L3', 1819, '2', 'BC'),
('F0ZSX03Q', 1301171111, 'HUG1H2', 2021, '1', 'AB'),
('F176UQT3', 1301172012, 'CSG3F3', 1718, '2', 'A'),
('F192HGBT', 1201171234, 'CDG4G3', 1718, '2', 'D'),
('F2HWF2RL', 1201173625, 'MUG1B4', 2021, '2', 'B'),
('F36TJ42H', 1301177773, 'CSG2D3', 1718, '2', 'C'),
('F3GPU7IL', 1201164213, 'CIG4G3', 1819, '1', 'E'),
('F3OEFYIJ', 1101171234, 'IDH1E2', 1718, '2', 'BC'),
('F3P3W7HV', 1301172001, 'CSH2D3', 1819, '1', 'D'),
('F3VECXCE', 1301171245, 'CIG4L3', 1718, '1', 'C'),
('F474GLYZ', 1301175246, 'KUG1C3', 2122, '2', 'C'),
('F4EKCYF8', 1201170987, 'CDG4M3', 2021, '1', 'C'),
('F53PD5TA', 1301175234, 'CIG4I3', 1819, '2', 'AB'),
('F5RBJQP0', 1201161557, 'CIG4G3', 1819, '1', 'BC'),
('F5VYOPLK', 1301175246, 'CNG4N3', 2122, '2', 'E'),
('F5X3M6N3', 1101170987, 'BAH1B3', 1718, '1', 'B'),
('F6GBI3OB', 1201164213, 'CIG4I3', 1819, '1', 'B'),
('F7H5292C', 1301175234, 'MUG1A4', 1819, '1', 'A'),
('F7K6NMK6', 1301161312, 'MUG1B4', 2021, '1', 'BC'),
('F7OLE43I', 1201172304, 'CIG4B3', 2122, '2', 'AB'),
('F7P300KL', 1201172304, 'CDG4M3', 2021, '1', 'AB'),
('F8BOIJQ6', 1101174213, 'MUG1B4', 2021, '1', 'D'),
('F8IQ4YVM', 1301161312, 'CSG3E3', 2122, '1', 'A'),
('FAS13KHU', 1101175312, 'BAH1F4', 1819, '1', 'A'),
('FBU9ZY85', 1101161244, 'BAH1B3', 2021, '2', 'E'),
('FCSI2VOB', 1201179684, 'CNG4P3', 2021, '1', 'C'),
('FD74JWC4', 1201161557, 'CNG4P3', 1718, '1', 'C'),
('FDWPP7Z7', 1301171351, 'CSG2D3', 2122, '2', 'BC'),
('FE07Y85P', 1201173625, 'HUG1H2', 2122, '2', 'B'),
('FE9586WS', 1201165162, 'CDG4I3', 2021, '1', 'E'),
('FE9NJM7Q', 1101175673, 'EBH0C4', 2122, '2', 'BC'),
('FEKTFCAN', 1301172012, 'MUG1B4', 1718, '2', 'AB'),
('FETB8YJP', 1101171234, 'BUG1E2', 1819, '2', 'A'),
('FFRZ422R', 1301175246, 'CSG3A3', 2122, '1', 'B'),
('FGER159X', 1201164213, 'KUG1C3', 2021, '2', 'E'),
('FH92SARV', 1101175673, 'IKG403', 1819, '1', 'D'),
('FHT4B2R3', 1201161246, 'CIG4L3', 1718, '2', 'B'),
('FHVFDWQM', 1201179999, 'CIG4I3', 1819, '1', 'AB'),
('FI846QLF', 1201179999, 'HUG1H2', 2021, '2', 'BC'),
('FILZTTXX', 1201161246, 'CIG4E3', 1819, '1', 'C'),
('FJ4GSY07', 1301176622, 'CSH2D3', 2122, '1', 'BC'),
('FJFDC4K5', 1301178673, 'CSG2A3', 2122, '2', 'D'),
('FJV7HPKV', 1201170987, 'CIG4E3', 2021, '2', 'BC'),
('FK5LG5HY', 1201166235, 'CIG4K3', 2122, '1', 'E'),
('FKBSRIY0', 1301176622, 'CNG4N3', 1718, '1', 'C'),
('FKG3SCSM', 1301171351, 'CNG4K3', 2122, '2', 'E'),
('FKGI39XF', 1101174125, 'BAH1F4', 2021, '1', 'E'),
('FKK2LD1N', 1201167347, 'CIG4L3', 2122, '2', 'B'),
('FKUK4LOR', 1201171674, 'CIG4B3', 2122, '2', 'C'),
('FL59RUPG', 1201171234, 'CNG4P3', 2021, '1', 'C'),
('FM0M5WLP', 1101175457, 'IDH1B3', 2021, '1', 'E'),
('FM5BHYED', 1101175723, 'KUG1C3', 2021, '2', 'E'),
('FMU07N85', 1201171234, 'KUG1C3', 1718, '2', 'AB'),
('FN9H3ZEV', 1301174440, 'CSH2D3', 1718, '2', 'BC'),
('FNUA7P32', 1201174125, 'HUG1H2', 2021, '2', 'E'),
('FO4V89WH', 1101171234, 'IDH1D2', 1819, '1', 'B'),
('FOAMIQAY', 1201174125, 'CNG4P3', 2122, '2', 'C'),
('FP2L3OG2', 1201173625, 'CIG4E3', 1718, '2', 'B'),
('FPYH3LRS', 1101170987, 'COH1D3', 2021, '2', 'AB'),
('FQ4G4BFS', 1301174440, 'CSG3D3', 2122, '2', 'BC'),
('FQENPL49', 1201161557, 'CIG4I3', 2021, '1', 'A'),
('FQIUG0KF', 1101178765, 'BUG1A2', 1819, '1', 'A'),
('FQL6V1LJ', 1101179413, 'COH1D3', 2122, '2', 'A'),
('FQMGE07L', 1101177777, 'IDH1A3', 1819, '2', 'A'),
('FR1E3YIS', 1101172573, 'CDG4H3', 1819, '1', 'D'),
('FRDWMDCL', 1301171351, 'MUG1B4', 1819, '1', 'B'),
('FRJ2GNLR', 1201161557, 'CDG4G3', 2122, '2', 'E'),
('FRVT6CUO', 1301171245, 'MUG1A4', 1718, '2', 'C'),
('FS1KWKEB', 1101171234, 'FUG1A3', 1718, '1', 'BC'),
('FS75P7G4', 1201165162, 'CIG4K3', 2021, '2', 'E'),
('FT7EPYYV', 1101175457, 'IDH1B3', 1819, '1', 'BC'),
('FVAD1EVW', 1101178651, 'MUG1B4', 1819, '2', 'AB'),
('FVKPTA3R', 1201171674, 'BUG1A2', 2021, '1', 'C'),
('FVVBL1EF', 1201174125, 'CDG4H3', 1819, '2', 'C'),
('FWYO2MRD', 1301171351, 'HUG1H2', 1819, '2', 'E'),
('FXNGH75N', 1201175163, 'FUG1A3', 2122, '1', 'AB'),
('FY81K3DK', 1101170987, 'IDH1C3', 2122, '2', 'BC'),
('FZF3U1X8', 1201165162, 'MUG1B4', 1718, '1', 'BC'),
('FZWTYHVP', 1101172573, 'MUG1B4', 2021, '1', 'A'),
('FZZDBGWX', 1101174125, 'BAH1E3', 2122, '2', 'D'),
('G01XNMNJ', 1101179413, 'IDH1D2', 1819, '1', 'A'),
('G0VI3LSY', 1201171234, 'KUG1C3', 1718, '1', 'A'),
('G1AH86EQ', 1201173154, 'BUG1E2', 2021, '1', 'E'),
('G26YRF1O', 1101175457, 'IDH1C3', 1819, '2', 'B'),
('G2LFVBPG', 1101175457, 'BAH1E3', 1718, '1', 'BC'),
('G451B0XN', 1301171245, 'HUG1H2', 1819, '2', 'AB'),
('G5LKX9EQ', 1201173625, 'CIG4E3', 2122, '2', 'AB'),
('G86JMIGM', 1201170987, 'CDG4G3', 2122, '2', 'C'),
('G8O33UPC', 1301172001, 'CDG4K3', 2021, '2', 'B'),
('G9F09JXH', 1201166235, 'FUG1A3', 1718, '1', 'B'),
('G9OUOEJU', 1201171674, 'CIG4B3', 2021, '2', 'BC'),
('G9ZRAFPL', 1201170987, 'CDG4I3', 1819, '2', 'AB'),
('GAAUN0LK', 1101175457, 'IDH1A3', 2122, '2', 'E'),
('GAJLBXDT', 1201170987, 'KUG1C3', 2122, '2', 'BC'),
('GASSIIWD', 1301174214, 'CNG4N3', 2122, '1', 'AB'),
('GB4VDTYO', 1201179999, 'CDG4H3', 1819, '2', 'D'),
('GBRL0ANL', 1301174111, 'CNG4K3', 1819, '1', 'E'),
('GBRL7SRS', 1301174111, 'CSG2A3', 1718, '2', 'A'),
('GCZP8G0V', 1201171234, 'CDG4M3', 2021, '2', 'C'),
('GDGU4XS0', 1201161246, 'CIG4E3', 1718, '2', 'A'),
('GERZO9AZ', 1301161312, 'BUG1E2', 1718, '1', 'A'),
('GF1EILOL', 1101177777, 'BAH1G3', 1819, '1', 'E'),
('GFBC4ILE', 1301161312, 'BUG1E2', 1718, '2', 'E'),
('GGICZNNC', 1201161246, 'CIG4L3', 2021, '2', 'C'),
('GH1WTPEG', 1101175457, 'HUG1H2', 2122, '2', 'C'),
('GHI65WOS', 1101177126, 'CDG4I3', 2021, '2', 'C'),
('GI0JCZZ0', 1301175246, 'CDG4E3', 1718, '1', 'AB'),
('GIZIFLNP', 1301174214, 'BUG1E2', 2122, '2', 'D'),
('GJ2YPKEG', 1201167347, 'CDG4I3', 2122, '1', 'BC'),
('GJEP7W1B', 1301174440, 'HUG1H2', 1718, '1', 'B'),
('GJNXWUQC', 1101175312, 'BUG1A2', 1718, '1', 'A'),
('GKLYYYYH', 1101179413, 'IKG403', 1718, '2', 'BC'),
('GL36XUM9', 1101174125, 'BAH1A3', 2122, '2', 'C'),
('GL3HVMPC', 1301172012, 'CSG3D3', 1819, '1', 'D'),
('GL53XWK8', 1101174125, 'BAH1H2', 2122, '2', 'BC'),
('GMAIHW2F', 1101175723, 'BAH1G3', 2021, '1', 'C'),
('GMVKL4RB', 1101172573, 'CDG4I3', 1819, '1', 'D'),
('GMXXIESD', 1201164213, 'CIG4E3', 2122, '1', 'A'),
('GNO4DNT7', 1301178673, 'CSG2A3', 2122, '1', 'BC'),
('GO3TFQ99', 1101161244, 'BUG1E2', 1718, '1', 'B'),
('GOBQOVJC', 1301171245, 'HUG1H2', 2122, '2', 'D'),
('GOWIXHTX', 1101177777, 'EBH0C4', 2021, '2', 'C'),
('GQ2F5LY5', 1301161312, 'CNG4N3', 1718, '2', 'AB'),
('GQQ5ASXQ', 1201172304, 'CIG4L3', 2021, '1', 'B'),
('GQV37XNP', 1201161557, 'CIG4I3', 2021, '1', 'B'),
('GQWEZULO', 1301176622, 'MUG1A4', 1718, '2', 'C'),
('GR3G1G4S', 1101176236, 'HUG1H2', 2122, '2', 'C'),
('GS5X7PEA', 1201165162, 'HUG1H2', 1819, '2', 'AB'),
('GSIT03LT', 1301171111, 'CIG4I3', 1819, '2', 'BC'),
('GUVDT998', 1301172001, 'CSG2A3', 1819, '1', 'E'),
('GV209MHD', 1101171335, 'BAH1A3', 1819, '2', 'B'),
('GVDR94YC', 1101172573, 'IDH1D2', 2122, '2', 'D'),
('GVFBZ4O3', 1201164213, 'CIG4B3', 2021, '2', 'BC'),
('GVRU6310', 1201171674, 'CIG4B3', 1819, '1', 'E'),
('GWLQSB9H', 1301171111, 'CIG4L3', 1819, '1', 'AB'),
('GX3LLFOU', 1301172001, 'BUG1E2', 2021, '1', 'B'),
('GX7UMSWV', 1101170987, 'BAH1E3', 1718, '2', 'D'),
('GXPH9HMI', 1101175457, 'BAH1H2', 1819, '2', 'E'),
('GYYO3K9E', 1301174440, 'CSG3B3', 1819, '2', 'B'),
('GZU3W0ML', 1301172012, 'CNG4N3', 1819, '1', 'D'),
('H1C03DPF', 1201171234, 'FUG1A3', 1819, '2', 'D'),
('H25TED58', 1301174440, 'BUG1E2', 2122, '1', 'E'),
('H3QELB81', 1101179413, 'IKG403', 2021, '2', 'A'),
('H41NVR3W', 1101177126, 'MUG1B4', 2122, '2', 'E'),
('H468W9UK', 1101175312, 'IDH1A3', 1718, '2', 'BC'),
('H4IF2056', 1201170987, 'CDG4M3', 1718, '2', 'C'),
('H4MH4SBO', 1201171234, 'BUG1A2', 2021, '1', 'C'),
('H5B0X957', 1301171245, 'CSG3G3', 1718, '2', 'AB'),
('H5SMIGTP', 1201171234, 'BUG1E2', 2122, '1', 'AB'),
('H61CJTM9', 1301171111, 'MUG1A4', 2122, '2', 'E'),
('H61R83OA', 1301161312, 'CSG3L3', 2122, '2', 'C'),
('H64T31SP', 1101178765, 'BAH1G3', 1819, '1', 'E'),
('H6QDHM95', 1101176236, 'BAH1E3', 1819, '1', 'E'),
('H6T3AYJE', 1101174213, 'MUG1A4', 2021, '1', 'C'),
('HA5TU29G', 1301173122, 'CSG3F3', 2122, '1', 'AB'),
('HANPJLKL', 1201173154, 'CIG4E3', 1718, '1', 'BC'),
('HARBHLCG', 1301174111, 'HUG1H2', 1718, '2', 'AB'),
('HATX42F6', 1301171111, 'CDG4K3', 2122, '2', 'E'),
('HAVBSABU', 1101179413, 'BAH1A3', 2122, '2', 'A'),
('HB0463YE', 1301174214, 'CIG4I3', 1718, '2', 'E'),
('HBNBZMQE', 1301161312, 'MUG1A4', 1718, '2', 'AB'),
('HC4TC9HU', 1201174567, 'CIG4E3', 2122, '1', 'A'),
('HC74ZRMW', 1201173154, 'CIG4L3', 2122, '1', 'B'),
('HCBPMRXY', 1301161312, 'CIG4L3', 2021, '2', 'E'),
('HCGR37QG', 1201164213, 'FUG1A3', 1718, '2', 'C'),
('HENXJI9T', 1301172012, 'CSG2D3', 2122, '1', 'A'),
('HEQC6BEG', 1301174111, 'CSH2D3', 1819, '2', 'AB'),
('HFIWXK93', 1301171351, 'HUG1H2', 1819, '1', 'E'),
('HFR0QJ33', 1101172573, 'BUG1E2', 2021, '2', 'AB'),
('HG259S2K', 1201167347, 'MUG1B4', 2122, '2', 'A'),
('HGC9AXKS', 1201179999, 'CIG4G3', 2021, '1', 'AB'),
('HGP44PEV', 1101178651, 'FUG1A3', 2122, '2', 'E'),
('HHC3EXL5', 1101170987, 'BAH1F4', 2021, '2', 'A'),
('HHPX0SM8', 1201161557, 'CIG4G3', 2021, '1', 'D'),
('HHQYO2Z4', 1301161312, 'CSH2D3', 2122, '2', 'A'),
('HHS5YC9I', 1301161312, 'CSH2D3', 1819, '1', 'C'),
('HJH66DJ2', 1101177126, 'KUG1C3', 1819, '1', 'E'),
('HJJET96B', 1201171234, 'CIG4C3', 1819, '1', 'B'),
('HMOXF26E', 1301176622, 'CSG3D3', 2021, '2', 'BC'),
('HN816XCC', 1301175234, 'CSG3E3', 2021, '1', 'C'),
('HNAR2YO7', 1101174213, 'KUG1C3', 1718, '2', 'E'),
('HORWLWS8', 1101175312, 'CDG4I3', 2122, '2', 'E'),
('HQ2FW76W', 1201174125, 'CDG4G3', 2021, '1', 'C'),
('HQANK9KH', 1301171351, 'KUG1C3', 1718, '1', 'B'),
('HQDK8I0O', 1201161246, 'BUG1E2', 2021, '1', 'BC'),
('HQKRSFU1', 1201167347, 'CIG4L3', 2122, '1', 'E'),
('HRAXEOJE', 1201173625, 'BUG1A2', 1819, '1', 'B'),
('HS3VM61V', 1101177777, 'IKG403', 2021, '2', 'A'),
('HS4JL5QE', 1301176622, 'CSG3E3', 2021, '1', 'AB'),
('HSUG9V5K', 1101178765, 'BAH1H2', 2021, '1', 'A'),
('HTKJ73TZ', 1301179593, 'CNG4P3', 2021, '1', 'B'),
('HTYLP51V', 1101174213, 'BUG1E2', 2122, '1', 'BC'),
('HU2QOXGO', 1301172001, 'CSG3L3', 1819, '1', 'E'),
('HUB595KO', 1101176236, 'MUG1A4', 1718, '1', 'AB'),
('HUIKZVAT', 1301171245, 'CSH2D3', 2122, '2', 'AB'),
('HWS79H5I', 1101171335, 'IDH1D2', 2021, '1', 'E'),
('HWSUUY5A', 1201175163, 'CIG4L3', 2122, '1', 'B'),
('HX6JYM8J', 1201171234, 'CIG4G3', 2122, '2', 'A'),
('HXZYMA2M', 1301175234, 'CDG4K3', 2021, '2', 'D'),
('HY7DHR2J', 1201179684, 'MUG1B4', 2021, '1', 'BC'),
('HYBJTEN5', 1301175246, 'CSG3A3', 2122, '2', 'D'),
('HZ686SEJ', 1201167347, 'CIG4C3', 2021, '1', 'AB'),
('HZ8ZBYOI', 1101171335, 'IDH1E2', 2122, '2', 'E'),
('HZAKH2L9', 1301172001, 'CIG4L3', 1819, '1', 'C'),
('HZFSVKMR', 1201161246, 'BUG1A2', 1819, '1', 'E'),
('HZL5ECTV', 1101171234, 'KUG1C3', 1819, '2', 'E'),
('HZSVUGH8', 1201171234, 'CDG4G3', 2122, '2', 'BC'),
('I2FTHO6L', 1301161312, 'CNG4N3', 2021, '1', 'D'),
('I2H2O1SI', 1201161246, 'CIG4B3', 1718, '2', 'AB'),
('I2QP3UFA', 1101175673, 'BAH1G3', 2021, '1', 'BC'),
('I3UPS8N8', 1201164213, 'BUG1A2', 2021, '1', 'D'),
('I44DA1QX', 1201161557, 'CIG4C3', 2122, '1', 'A'),
('I48O65BB', 1101174213, 'MUG1A4', 1819, '2', 'B'),
('I5WDQSGU', 1201174567, 'MUG1A4', 1718, '2', 'A'),
('I6KO6RW0', 1201173154, 'CDG4I3', 1819, '2', 'D'),
('I6R1UMGP', 1101170987, 'BUG1E2', 2021, '2', 'BC'),
('I71P84PS', 1101176236, 'IDH1B3', 1718, '1', 'D'),
('I7XVU1GV', 1301171351, 'CSG3L3', 1718, '1', 'A'),
('I87BX7KD', 1301171245, 'CSG2D3', 1819, '2', 'B'),
('I893WQ6S', 1101174213, 'BUG1E2', 2122, '2', 'BC'),
('I8YUAFI3', 1101171234, 'MUG1A4', 2021, '2', 'BC'),
('I90X4NC6', 1201164213, 'CIG4F3', 1718, '1', 'E'),
('I9ZEHATX', 1301177773, 'HUG1H2', 1718, '1', 'A'),
('IAO7WTMX', 1201166235, 'MUG1B4', 2021, '2', 'E'),
('IB3EU3RC', 1101175673, 'BAH1F4', 2021, '1', 'C'),
('IBGEFC0T', 1201174125, 'CIG4F3', 1718, '1', 'E'),
('IC3G5TDZ', 1201171674, 'CNG4P3', 2122, '1', 'E'),
('ICMGI5SR', 1101175457, 'BAH1B3', 1718, '1', 'E'),
('ID8V3H5P', 1201161557, 'CDG4G3', 1718, '2', 'A'),
('IEEV42LK', 1301172012, 'CSG3D3', 1718, '2', 'C'),
('IEM95R8T', 1201170987, 'CDG4I3', 1819, '2', 'BC'),
('IFPJ2XL6', 1101175312, 'KUG1C3', 1819, '2', 'C'),
('IG0R4506', 1201171234, 'BUG1A2', 2021, '1', 'C'),
('IG8PWV7E', 1301177773, 'CIG4I3', 2021, '2', 'E'),
('IGI58ACM', 1201171674, 'CDG4H3', 1718, '1', 'A'),
('IGJB51AP', 1101174213, 'IDH1D2', 1718, '2', 'C'),
('IGW8VJR3', 1301175234, 'KUG1C3', 2122, '2', 'E'),
('IHYFVS0B', 1101178651, 'IDH1D2', 1819, '1', 'B'),
('II41EZ4U', 1301173122, 'CSG3L3', 1718, '2', 'D'),
('IIUA711C', 1301172001, 'CIG4I3', 2122, '2', 'E'),
('IIXCLS6G', 1301161312, 'CSG3B3', 1819, '2', 'B'),
('IIZZ9MSY', 1201170987, 'MUG1A4', 2021, '1', 'BC'),
('IJC98LGC', 1101178765, 'HUG1H2', 1819, '1', 'B'),
('IJGG151X', 1301171245, 'CDG4E3', 2021, '1', 'BC'),
('IJXHTJC8', 1301174214, 'CSG3L3', 2122, '2', 'D'),
('ILJY4ZUD', 1301174214, 'CSG2D3', 2021, '2', 'E'),
('ILUE0PUE', 1201161246, 'BUG1A2', 2122, '1', 'B'),
('IM11REM6', 1101179413, 'MUG1B4', 2021, '2', 'A'),
('IMJD7OUH', 1101174213, 'BAH1F4', 1718, '1', 'E'),
('IMY079WM', 1301171111, 'CIG4L3', 1718, '1', 'A'),
('IN6DHIWC', 1101161244, 'MUG1A4', 2122, '2', 'A'),
('INDIKDL8', 1301172012, 'MUG1A4', 1819, '2', 'D'),
('IOHN6PS8', 1101171234, 'IDH1B3', 1819, '1', 'D'),
('IOR8VE0Y', 1301178673, 'CSG3L3', 1718, '1', 'C'),
('IOV2RST6', 1101178765, 'COH1D3', 1819, '2', 'B'),
('IP0Y93SL', 1101177126, 'IDH1C3', 1718, '1', 'B'),
('IP874UDP', 1301175234, 'CSG2F3', 2122, '1', 'E'),
('IPDRN152', 1101171234, 'CDG4H3', 2122, '1', 'A'),
('IPRKG04V', 1201171674, 'MUG1A4', 2122, '1', 'E'),
('IQNN69SO', 1201173625, 'CIG4L3', 2021, '1', 'B'),
('IRYHN5BP', 1301177773, 'CSG3F3', 1718, '2', 'BC'),
('ISF4MBH0', 1301172001, 'CSG3G3', 1718, '2', 'E'),
('IT016W29', 1201173625, 'CIG4B3', 2122, '2', 'E'),
('ITSSVJ2U', 1301171111, 'CSG3D3', 2122, '1', 'D'),
('IWB185SX', 1201175163, 'HUG1H2', 1718, '2', 'B'),
('IWOSRAIO', 1101175673, 'MUG1B4', 2021, '1', 'C'),
('IWWV144K', 1201171234, 'HUG1H2', 1718, '2', 'D'),
('IXWQURGV', 1301174214, 'CSG3L3', 1718, '1', 'A'),
('IYVLXFR0', 1201174567, 'CDG4I3', 2021, '1', 'A'),
('IYZME8ML', 1301179593, 'CNG4P3', 2122, '1', 'A'),
('IZ00RE42', 1101161244, 'BAH1H2', 1718, '1', 'AB'),
('IZQSQBV4', 1101175723, 'BUG1E2', 2021, '1', 'B'),
('IZVBTLE0', 1101175312, 'CDG4I3', 1718, '2', 'AB'),
('J05KOB7I', 1101179413, 'IDH1E2', 1718, '1', 'E'),
('J0ACP7IR', 1101171234, 'BUG1A2', 1718, '2', 'BC'),
('J0VYFYY2', 1301175246, 'BUG1E2', 2122, '2', 'B'),
('J111MC7Z', 1101177777, 'MUG1B4', 1718, '2', 'C'),
('J1SG4ARW', 1301177773, 'CNG4N3', 1819, '1', 'C'),
('J1YRFZXN', 1301176622, 'CSG3G3', 2122, '2', 'A'),
('J27BDTES', 1101175673, 'MUG1A4', 1718, '1', 'A'),
('J2HXDCDE', 1101176236, 'MUG1A4', 1718, '2', 'A'),
('J2KDXTZW', 1201170987, 'CIG4G3', 2122, '1', 'D'),
('J2KGBS0K', 1201167347, 'CIG4F3', 2021, '2', 'E'),
('J2N4S49O', 1201173625, 'CDG4G3', 1819, '2', 'D'),
('J2PXNYN9', 1201179999, 'BUG1E2', 2021, '2', 'E'),
('J2S7O3VX', 1201165162, 'HUG1H2', 1819, '1', 'AB'),
('J3CIKJ1P', 1101177126, 'IDH1C3', 2021, '2', 'D'),
('J3CJWMPJ', 1301161312, 'MUG1A4', 2021, '1', 'C'),
('J3SYDBMA', 1101175312, 'CDG4I3', 2021, '1', 'AB'),
('J3VE9UXP', 1201170987, 'CIG4F3', 1819, '2', 'D'),
('J3WRG7D2', 1301178673, 'CIG4I3', 1819, '1', 'BC'),
('J42FMO6P', 1101175723, 'BAH1E3', 1718, '1', 'BC'),
('J4QNBMLR', 1101178765, 'BAH1G3', 2021, '1', 'B'),
('J4SOOLE8', 1101175723, 'MUG1A4', 2122, '2', 'AB'),
('J600GOJY', 1101177777, 'CDG4H3', 2122, '1', 'E'),
('J78F40M7', 1301177773, 'BUG1E2', 1718, '2', 'D'),
('J7DB5MWX', 1301179593, 'CIG4K3', 2122, '1', 'E'),
('J7KP0HKZ', 1101178651, 'BAH1E3', 1819, '1', 'D'),
('J97IR0IU', 1301171245, 'CSH2D3', 2122, '1', 'C'),
('JA1X0T85', 1101175723, 'MUG1B4', 1819, '1', 'D'),
('JA7FBK17', 1101177777, 'MUG1B4', 2021, '1', 'B'),
('JA8KGBTZ', 1301171245, 'CDG4E3', 2021, '1', 'C'),
('JA99Q530', 1301174440, 'CSG3F3', 2021, '1', 'E'),
('JAE8LYUJ', 1301172012, 'CSG3G3', 2021, '2', 'B'),
('JAHJ5349', 1101178765, 'MUG1B4', 2122, '2', 'C'),
('JAV4M64V', 1201161246, 'FUG1A3', 1819, '1', 'AB'),
('JAYDGWQ8', 1101175673, 'IDH1B3', 2021, '1', 'E'),
('JB5E1I58', 1301175246, 'KUG1C3', 2122, '1', 'C'),
('JB71TCK6', 1101171234, 'CDG4I3', 1819, '2', 'AB'),
('JBGNZUKF', 1301173122, 'MUG1B4', 2122, '1', 'D'),
('JBHVTBNY', 1301179593, 'CIG4G3', 1718, '1', 'D'),
('JBJOAPM4', 1101178651, 'MUG1A4', 2122, '2', 'A'),
('JBZSFF82', 1201171674, 'CIG4L3', 1819, '1', 'AB'),
('JC4ER6UB', 1201179684, 'CIG4I3', 1819, '2', 'B'),
('JC7P4J4C', 1201161557, 'MUG1A4', 2021, '2', 'B'),
('JCAFCWBS', 1301172012, 'CSG3D3', 1718, '1', 'D'),
('JCDSXTPE', 1201166235, 'CIG4G3', 2122, '2', 'D'),
('JCMP97U2', 1101174125, 'IKG403', 1819, '1', 'B'),
('JD35ZMAQ', 1201161557, 'CIG4L3', 1718, '2', 'AB'),
('JDJFHSKM', 1201172304, 'HUG1H2', 2122, '1', 'D'),
('JE6ME6HJ', 1201173625, 'CIG4K3', 2021, '2', 'AB'),
('JEJI02L1', 1201174125, 'CIG4E3', 1819, '2', 'B'),
('JFKOSB49', 1301174440, 'CDG4E3', 1718, '2', 'C'),
('JFKS0XW8', 1201171674, 'CIG4G3', 1819, '1', 'BC'),
('JFW0VP7C', 1301175246, 'CSG3L3', 2122, '1', 'AB'),
('JGEGJ6TP', 1201174125, 'HUG1H2', 1819, '2', 'C'),
('JGUSEHY7', 1101175723, 'IDH1C3', 1819, '2', 'A'),
('JH812FC6', 1101174213, 'CDG4H3', 1819, '2', 'E'),
('JI3BR75M', 1201175163, 'CIG4L3', 2021, '1', 'D'),
('JITM379M', 1301161312, 'CDG4K3', 2021, '2', 'C'),
('JJRJRPLQ', 1101178765, 'IDH1E2', 1718, '2', 'E'),
('JJS8XWZI', 1301175234, 'CSG2A3', 2021, '2', 'D'),
('JKAXSD88', 1201165162, 'MUG1A4', 1819, '1', 'E'),
('JKITRPIB', 1201165162, 'HUG1H2', 1718, '1', 'BC'),
('JKOJ15KN', 1101171335, 'BAH1H2', 1819, '1', 'AB'),
('JKTBL6RQ', 1201164213, 'CIG4F3', 1718, '2', 'E'),
('JMUMICRQ', 1101161244, 'IDH1E2', 2122, '2', 'C'),
('JMUNKAGF', 1201166235, 'CIG4B3', 2122, '2', 'E'),
('JMW97MGP', 1201161557, 'MUG1B4', 2021, '2', 'AB'),
('JNK0WYC6', 1301161312, 'KUG1C3', 2122, '2', 'C'),
('JNVJM1UY', 1201171674, 'CIG4L3', 2122, '1', 'AB'),
('JNXIDYGY', 1101172573, 'MUG1A4', 1819, '2', 'D'),
('JOPC8FCO', 1301179593, 'CIG4B3', 2021, '2', 'AB'),
('JPLBRTKC', 1201166235, 'CDG4I3', 1819, '2', 'AB'),
('JPS3Q8PQ', 1101175312, 'IDH1B3', 1718, '2', 'A'),
('JRE34NW0', 1301179593, 'FUG1A3', 2021, '2', 'A'),
('JRXSW2ET', 1201170987, 'CIG4B3', 2021, '2', 'A'),
('JS3VGL2V', 1201174125, 'BUG1E2', 1718, '1', 'D'),
('JSJI9K8B', 1301175234, 'CDG4K3', 2122, '1', 'BC'),
('JTJ7SDS2', 1201175163, 'CIG4C3', 1718, '1', 'AB'),
('JWDHH8ZL', 1101175723, 'HUG1H2', 2122, '2', 'D'),
('JY2EZ6N7', 1201161557, 'CDG4I3', 2122, '1', 'A'),
('JZ33LIRR', 1301173122, 'CSG3G3', 2021, '1', 'B'),
('JZRG05X1', 1101178651, 'BAH1G3', 2122, '2', 'AB'),
('K0ZMLTCD', 1201161246, 'KUG1C3', 1718, '2', 'B'),
('K1CTET3B', 1301175234, 'CSG3F3', 1718, '2', 'B'),
('K2NP9QOG', 1101174213, 'FUG1A3', 1718, '1', 'BC'),
('K37SGFHG', 1201179684, 'CIG4B3', 2122, '1', 'AB'),
('K3TSMDL2', 1101175723, 'MUG1A4', 1819, '2', 'D'),
('K5J0LTGB', 1101175457, 'HUG1H2', 2122, '1', 'B'),
('K5Y6ID6E', 1101176236, 'BUG1E2', 2021, '1', 'B'),
('K653RMIH', 1101175457, 'IDH1A3', 2021, '1', 'B'),
('K6R2PAM6', 1101174213, 'BAH1G3', 2122, '2', 'BC'),
('K72TTVOB', 1301172001, 'MUG1A4', 1819, '1', 'C'),
('K832XTXE', 1301172001, 'CSG2A3', 1819, '2', 'C'),
('K841Y5AS', 1201165162, 'CDG4G3', 1819, '2', 'D'),
('K8DU8AX7', 1301172001, 'CSG3G3', 1819, '2', 'C'),
('K98N4B1R', 1201171674, 'CIG4L3', 1819, '1', 'C'),
('K9AN06AA', 1101175312, 'IDH1B3', 2021, '1', 'C'),
('K9DT3EBL', 1201161557, 'BUG1A2', 2021, '1', 'C'),
('KA2LSJO1', 1301161312, 'CIG4I3', 1718, '2', 'D'),
('KCVNR9SJ', 1101161244, 'KUG1C3', 2021, '2', 'D'),
('KD5EOUST', 1301178673, 'CSG2A3', 1718, '1', 'B'),
('KDRPZTJZ', 1101177126, 'IDH1D2', 2021, '2', 'B'),
('KDZQPXOS', 1101177777, 'BAH1F4', 2021, '1', 'A'),
('KE21X89Z', 1201167347, 'CDG4M3', 2021, '2', 'D'),
('KE4PIEUB', 1201170987, 'CIG4E3', 1718, '1', 'E'),
('KEUSVIN8', 1101175723, 'IDH1D2', 2122, '2', 'C'),
('KFA3DICD', 1201179684, 'CIG4G3', 2021, '2', 'D'),
('KFAM194S', 1101176236, 'IDH1B3', 2021, '1', 'E'),
('KFBFJVFU', 1101178765, 'CDG4I3', 2122, '1', 'A'),
('KFMURLS8', 1301174440, 'CSG3L3', 1819, '1', 'C'),
('KFSBKGU7', 1101174125, 'IDH1A3', 2122, '2', 'E'),
('KG094TS4', 1101175723, 'MUG1B4', 1819, '1', 'BC'),
('KG4EA3OP', 1301173122, 'CSG2F3', 2021, '2', 'E'),
('KH8S029Y', 1201171234, 'CIG4C3', 1819, '2', 'BC'),
('KH8UBCLU', 1101175312, 'IDH1D2', 1718, '1', 'BC'),
('KHC7S5DO', 1201161246, 'CDG4G3', 2021, '2', 'B'),
('KHCCL6P7', 1101170987, 'CDG4H3', 2122, '1', 'BC'),
('KHDIJGP9', 1101170987, 'IDH1D2', 1718, '1', 'AB'),
('KHGC43VE', 1301171111, 'CNG4M3', 1718, '2', 'A'),
('KIKVVKNQ', 1201161557, 'CIG4B3', 1819, '2', 'A'),
('KIR06XKK', 1101175673, 'BAH1A3', 2122, '2', 'BC'),
('KK4E23DL', 1101178765, 'IDH1E2', 2122, '1', 'E'),
('KKBTRRDQ', 1301178673, 'CSH2D3', 2021, '1', 'A'),
('KKX2XPFK', 1201174567, 'CDG4G3', 1718, '2', 'D'),
('KLCFACW3', 1101178651, 'IDH1C3', 2122, '2', 'B'),
('KLG60L4S', 1301175246, 'MUG1A4', 1718, '2', 'E'),
('KLLSDE82', 1201174567, 'CIG4L3', 1819, '2', 'BC'),
('KLNCQHQH', 1201166235, 'MUG1A4', 1718, '1', 'BC'),
('KMAGZK7O', 1301176622, 'CSG3E3', 1718, '2', 'A'),
('KMD5LBNZ', 1201179684, 'CIG4G3', 2021, '2', 'E'),
('KNO7SO9Y', 1101171234, 'FUG1A3', 1718, '1', 'E'),
('KONHV204', 1101176236, 'BAH1H2', 2122, '2', 'D'),
('KPFSIZHZ', 1201175163, 'HUG1H2', 1718, '1', 'B'),
('KPU65VYE', 1301161312, 'CDG4K3', 2021, '1', 'C'),
('KQ5WPAIL', 1101175723, 'HUG1H2', 1819, '2', 'B'),
('KQ72MTHE', 1201164213, 'CIG4K3', 2021, '2', 'C'),
('KQLSDQFO', 1101174213, 'IDH1A3', 2122, '2', 'A'),
('KQNA6VEM', 1101178651, 'FUG1A3', 1819, '2', 'E'),
('KRPZIYZP', 1201173154, 'CDG4M3', 2122, '1', 'E'),
('KS3AJHFZ', 1301171351, 'CNG4M3', 2021, '1', 'B'),
('KSFOGGXY', 1201174567, 'CDG4H3', 1718, '2', 'B'),
('KSGUWQ8F', 1101161244, 'EBH0C4', 1819, '2', 'AB'),
('KSUGVJ6A', 1301178673, 'CSG3A3', 2021, '1', 'E'),
('KTCK9B3U', 1301173122, 'CIG4L3', 2021, '2', 'E'),
('KTWZMNS8', 1101161244, 'BUG1E2', 2122, '2', 'C'),
('KTYCRB4F', 1301171351, 'CSG3G3', 1819, '1', 'B'),
('KU2CQ9DM', 1201164213, 'CIG4E3', 2021, '2', 'D'),
('KUIXNPD6', 1301174440, 'CSG2D3', 1718, '1', 'BC'),
('KUQU4L2K', 1301177773, 'CSG3G3', 2021, '1', 'BC'),
('KUV2JHNY', 1301174440, 'CNG4K3', 1718, '2', 'B'),
('KVJ9D0RI', 1301174214, 'CNG4M3', 2122, '1', 'D'),
('KWB84C8F', 1201174567, 'CDG4M3', 2122, '1', 'E'),
('KWV47O4T', 1101175673, 'BAH1B3', 1718, '2', 'E'),
('KWVMBIBZ', 1301175246, 'CNG4N3', 1819, '1', 'BC'),
('KX8RTPNP', 1101177777, 'BAH1B3', 2021, '1', 'C'),
('KXIECARH', 1301172001, 'CSG2D3', 2122, '1', 'AB'),
('KY0E2H52', 1101161244, 'IDH1A3', 1819, '1', 'E'),
('KY185J8C', 1101177126, 'IKG403', 2021, '2', 'B'),
('KY6C7D68', 1101171335, 'BAH1F4', 2021, '2', 'BC'),
('KYQE89GO', 1201172304, 'CDG4I3', 2021, '2', 'E'),
('KZ9M98AQ', 1101175723, 'IKG403', 2021, '1', 'BC'),
('KZKI2VGA', 1301171351, 'CIG4I3', 1819, '1', 'C'),
('KZY8S1FA', 1201172304, 'CIG4B3', 2122, '2', 'AB'),
('L0AWYS74', 1301171245, 'CSG3L3', 2122, '2', 'A'),
('L0W5S7OE', 1201174125, 'CIG4B3', 2122, '1', 'B'),
('L0WJTUD8', 1101172573, 'HUG1H2', 1819, '1', 'BC'),
('L1G9E84M', 1201171674, 'BUG1A2', 1819, '2', 'D'),
('L26CYIRP', 1201174567, 'CIG4K3', 1819, '2', 'C'),
('L26DGW5R', 1201174567, 'FUG1A3', 2021, '1', 'C'),
('L2APLA71', 1301171351, 'CSG2A3', 2021, '2', 'E'),
('L2VQ6H59', 1101174125, 'MUG1A4', 1819, '2', 'C'),
('L3ALMD8J', 1301178673, 'CSG2A3', 2021, '2', 'B'),
('L3KHZDF9', 1201173625, 'CIG4B3', 2122, '1', 'B'),
('L4FV46TE', 1101170987, 'MUG1B4', 1819, '1', 'D'),
('L4IXJHV6', 1101174125, 'IKG403', 1718, '2', 'AB'),
('L5LIEWXW', 1301174214, 'MUG1B4', 1819, '2', 'D'),
('L5O1VUW8', 1201167347, 'BUG1A2', 2021, '2', 'AB'),
('L64OIRF3', 1301175246, 'CSG2F3', 1819, '2', 'C'),
('L66SZ108', 1201173154, 'CIG4K3', 1819, '2', 'BC'),
('L6AVVFN5', 1101161244, 'MUG1B4', 1718, '1', 'E'),
('L75L1XYE', 1301171111, 'MUG1B4', 2122, '2', 'AB'),
('L7BXA9DX', 1301177773, 'CDG4K3', 2122, '1', 'AB'),
('L7NSFSR7', 1101174213, 'IKG403', 2021, '2', 'D'),
('L8E5DL1S', 1301175246, 'CDG4E3', 1718, '2', 'C'),
('L9GYTXE8', 1301175246, 'CNG4N3', 2122, '1', 'D'),
('LA112L6L', 1101171335, 'IDH1C3', 2021, '2', 'B'),
('LA667M5G', 1101177777, 'BUG1E2', 1718, '2', 'C'),
('LC1M58RS', 1101175312, 'IKG403', 1819, '1', 'D'),
('LCHEYE3G', 1301172012, 'CSG2F3', 1819, '1', 'B'),
('LCO4YM5F', 1301171111, 'CIG4L3', 2021, '2', 'B'),
('LCQSLJQ1', 1201171234, 'CDG4M3', 2122, '2', 'A'),
('LDW8A0H4', 1101175457, 'BAH1G3', 1718, '1', 'B'),
('LED2ZNV2', 1301171111, 'CSG2F3', 2021, '1', 'D'),
('LEDEB2ZO', 1201171234, 'CIG4L3', 1819, '2', 'C'),
('LEPTLSFL', 1201165162, 'CIG4L3', 1819, '1', 'C'),
('LEUEAL5V', 1101171234, 'BAH1H2', 2122, '2', 'C'),
('LEXM5AYH', 1201173625, 'BUG1E2', 2021, '1', 'B'),
('LG1NMAQ4', 1201175163, 'KUG1C3', 1718, '2', 'C'),
('LGGHKR90', 1101171335, 'IKG403', 2021, '2', 'BC'),
('LH7BDW6O', 1101174125, 'BAH1F4', 1718, '2', 'AB'),
('LHM87LBR', 1301171111, 'CSG3D3', 2122, '2', 'E'),
('LHU1B575', 1101178651, 'CDG4H3', 1819, '1', 'B'),
('LI0EEYNE', 1201167347, 'CNG4P3', 2021, '2', 'C'),
('LILKGD3F', 1101178651, 'KUG1C3', 2122, '1', 'AB'),
('LJZWYWO8', 1201161246, 'CIG4L3', 2021, '1', 'A'),
('LK7B9WXH', 1301174440, 'CSG3D3', 1819, '2', 'B'),
('LKBZC2TR', 1101179413, 'CDG4I3', 2122, '1', 'BC'),
('LKR2HHH8', 1301177773, 'KUG1C3', 1718, '2', 'BC'),
('LL3YRZP8', 1201174567, 'CDG4I3', 1819, '1', 'AB'),
('LLGFZRLY', 1301171351, 'HUG1H2', 1819, '1', 'AB'),
('LMOEI24E', 1301172001, 'MUG1B4', 2122, '1', 'B'),
('LMTRMW3X', 1101178765, 'BUG1A2', 1718, '1', 'A'),
('LN9JNY63', 1201174125, 'CIG4G3', 2021, '2', 'AB'),
('LOEPFVBA', 1201179684, 'CIG4E3', 2021, '2', 'AB'),
('LOTZ3KPE', 1101174213, 'COH1D3', 2021, '2', 'AB'),
('LP5HBBTP', 1201164213, 'CIG4F3', 1718, '2', 'A'),
('LPPQE1GU', 1301172001, 'MUG1B4', 2122, '2', 'C'),
('LQ2E7VCM', 1101176236, 'BAH1F4', 1819, '2', 'D'),
('LQ5EISDV', 1301171111, 'CIG4I3', 1718, '2', 'E'),
('LQ6KJ07K', 1101178651, 'CDG4H3', 2122, '2', 'D'),
('LQR5XS1O', 1301174111, 'CSG3G3', 2021, '2', 'A'),
('LQZTL6GM', 1101174125, 'BAH1A3', 2122, '1', 'AB'),
('LR7TZ9UQ', 1301175234, 'CIG4I3', 2021, '1', 'D'),
('LRUJJ8SH', 1301175246, 'CSG3E3', 2122, '2', 'A'),
('LSNAZR0Y', 1201172304, 'MUG1A4', 1718, '2', 'C'),
('LSOFHH0Z', 1201173625, 'MUG1B4', 2122, '2', 'AB'),
('LTCAXW3C', 1301171245, 'CSG3F3', 2021, '2', 'D'),
('LTGX0PBA', 1201179684, 'CIG4I3', 2021, '2', 'E'),
('LU2W2IGL', 1101171234, 'BAH1B3', 1819, '1', 'B'),
('LUBAHN70', 1201161557, 'BUG1A2', 2122, '2', 'E'),
('LUCIBU2O', 1101174213, 'HUG1H2', 1819, '1', 'D'),
('LWKD1P7P', 1301174111, 'CSG3A3', 1819, '1', 'C'),
('LWRXPA4X', 1101178765, 'IDH1A3', 1718, '2', 'B'),
('LX4AN9VG', 1301177773, 'HUG1H2', 2122, '2', 'B'),
('LXFGIVAG', 1301174111, 'BUG1E2', 1718, '2', 'BC'),
('LXI9ROKG', 1201166235, 'CDG4G3', 1718, '2', 'B'),
('LXNYPNE7', 1101175457, 'IDH1C3', 2021, '1', 'B'),
('LXQJPH57', 1301174440, 'CSG3E3', 2122, '2', 'BC'),
('LYOV2UPR', 1101161244, 'IDH1D2', 1819, '1', 'E'),
('LZ97HVFD', 1201171674, 'HUG1H2', 1819, '1', 'A'),
('LZCUS2RQ', 1101179413, 'IDH1D2', 1819, '2', 'B'),
('LZRVXTVQ', 1301174111, 'CSG3E3', 1819, '1', 'AB'),
('M0U1ITLY', 1201164213, 'CDG4G3', 2021, '2', 'A'),
('M1LE7PRI', 1201166235, 'CDG4I3', 1718, '1', 'A'),
('M1TOQCLV', 1201175163, 'CIG4L3', 1819, '1', 'AB'),
('M22VJEC7', 1101171335, 'BAH1G3', 1718, '2', 'D'),
('M3ET8VPN', 1201161557, 'MUG1A4', 2021, '1', 'BC'),
('M3VW8E4U', 1101177126, 'BAH1B3', 2021, '2', 'B'),
('M449FMDB', 1101175673, 'COH1D3', 1718, '2', 'BC'),
('M4BZ9IQM', 1201164213, 'MUG1A4', 1819, '1', 'C'),
('M5CF7Q3M', 1101178765, 'CDG4I3', 2021, '1', 'E'),
('M5INM5GM', 1101171234, 'BUG1A2', 2021, '2', 'AB'),
('M5JPI6GU', 1201173154, 'CNG4P3', 2021, '1', 'B'),
('M689OLE3', 1201170987, 'FUG1A3', 2021, '1', 'A'),
('M7KMZX0H', 1301171351, 'CSG3F3', 2122, '2', 'E'),
('M7OAEDRT', 1301171245, 'CIG4L3', 1718, '1', 'A'),
('M8MVJJGS', 1201173154, 'CDG4M3', 1718, '1', 'AB'),
('MA5KQZ0O', 1101175312, 'IKG403', 1819, '2', 'E'),
('MA8NMYOB', 1301176622, 'MUG1A4', 1718, '2', 'AB'),
('MB6HJA61', 1301171111, 'CSH2D3', 1819, '2', 'AB'),
('MCYAELEP', 1201165162, 'HUG1H2', 1819, '1', 'C'),
('MD1AR2PT', 1301176622, 'HUG1H2', 2021, '1', 'B'),
('MDYWRFGQ', 1201170987, 'CIG4K3', 1819, '1', 'C'),
('ME50VXZT', 1201161246, 'CNG4P3', 1819, '1', 'BC'),
('MEQP6I2L', 1201171674, 'CIG4F3', 1819, '2', 'B'),
('MF29ZKG1', 1301171351, 'CSG3F3', 1718, '1', 'C'),
('MFYDTBQH', 1101174213, 'IDH1C3', 1819, '1', 'C'),
('MHOW4FTQ', 1201170987, 'KUG1C3', 1819, '1', 'E'),
('MI68VPJZ', 1301176622, 'CSG3F3', 2122, '1', 'A'),
('MI6N1VO5', 1301175234, 'CSG3G3', 2021, '2', 'E'),
('MIQT7K37', 1101178765, 'KUG1C3', 1819, '1', 'BC'),
('MJIP1XDZ', 1201171674, 'CIG4E3', 1718, '1', 'C'),
('MJQ25F6E', 1101172573, 'BAH1F4', 2021, '2', 'E'),
('MJUS82QH', 1201172304, 'CIG4L3', 2021, '2', 'AB'),
('MK0MY3YQ', 1101178651, 'BUG1A2', 1718, '2', 'BC'),
('MK174KWD', 1301174440, 'CDG4E3', 1718, '2', 'C'),
('MKIL6227', 1201173625, 'CDG4M3', 2122, '2', 'D'),
('ML5KKS8R', 1301171111, 'CDG4E3', 2122, '2', 'A'),
('MLBKFQTU', 1301177773, 'HUG1H2', 1819, '1', 'C'),
('MM5LWNS5', 1201174567, 'BUG1A2', 2122, '2', 'D'),
('MN724LZF', 1101170987, 'BUG1E2', 1819, '1', 'A'),
('MO62MM6C', 1101172573, 'BAH1A3', 1718, '1', 'D'),
('MOB0TURZ', 1101178651, 'CDG4H3', 1819, '2', 'E'),
('MQ4IFOH7', 1101175457, 'BAH1A3', 1819, '1', 'BC'),
('MQ6T4A5C', 1101178765, 'HUG1H2', 2021, '1', 'A'),
('MQWYDAHC', 1101178765, 'CDG4I3', 2122, '2', 'D'),
('MR3NEKFP', 1201174125, 'CIG4C3', 2021, '2', 'AB'),
('MRHS986Q', 1301178673, 'CSH2D3', 1718, '2', 'D'),
('MRZLIF6H', 1201175163, 'MUG1A4', 2021, '2', 'C'),
('MS8Q6G7N', 1201165162, 'CNG4P3', 2021, '2', 'D'),
('MU2VYNI8', 1201175163, 'CIG4G3', 2021, '1', 'BC'),
('MUOW3VNZ', 1101179413, 'HUG1H2', 2021, '1', 'B'),
('MUSMO28J', 1201171234, 'CIG4I3', 1819, '2', 'C'),
('MVQ4IC2K', 1301174214, 'CSG3E3', 1718, '2', 'AB'),
('MW1O959F', 1201173154, 'HUG1H2', 2021, '1', 'AB'),
('MX37F7KA', 1201173154, 'FUG1A3', 2021, '1', 'D'),
('MY5Y1KBN', 1201173154, 'CIG4I3', 1819, '1', 'D'),
('MYA1NG1V', 1201167347, 'BUG1E2', 2021, '2', 'AB'),
('MZ1R695V', 1301171351, 'MUG1A4', 1718, '2', 'C'),
('MZHEX21E', 1101177126, 'FUG1A3', 2021, '1', 'B'),
('MZS0P0P5', 1101170987, 'BAH1F4', 2122, '2', 'E'),
('MZXYVZKW', 1101179413, 'IDH1D2', 1718, '1', 'D'),
('N01K5ZZY', 1201179684, 'CDG4I3', 2122, '1', 'E'),
('N05FXTHU', 1301176622, 'CDG4K3', 1718, '1', 'D'),
('N07HOQT9', 1101176236, 'FUG1A3', 1819, '2', 'C'),
('N0J7CECY', 1201175163, 'KUG1C3', 2122, '1', 'BC'),
('N0Y1QLEM', 1201174125, 'CIG4E3', 1819, '1', 'A'),
('N1AWBR57', 1301171111, 'CNG4N3', 1819, '1', 'A'),
('N1K63NDF', 1101178765, 'EBH0C4', 2021, '2', 'A'),
('N32O6VKM', 1301171111, 'CNG4N3', 2122, '2', 'B'),
('N34UPIPY', 1201171674, 'HUG1H2', 1718, '2', 'BC'),
('N3L2E3A0', 1101178651, 'BUG1A2', 2122, '2', 'BC'),
('N4EA4AZ8', 1101175312, 'IDH1A3', 1718, '2', 'AB'),
('N4RZCI2O', 1301171245, 'CSG3L3', 1718, '2', 'BC'),
('N4T6JV5U', 1301179593, 'CIG4C3', 2021, '1', 'B'),
('N50KKZC9', 1201174567, 'CIG4L3', 2122, '2', 'BC'),
('N5PPH0YC', 1301172012, 'CSG3B3', 2021, '1', 'AB'),
('N63CIQBQ', 1101178651, 'IDH1A3', 2122, '2', 'A'),
('N6G8HKQN', 1101174213, 'IKG403', 2021, '1', 'BC'),
('N75GGCPZ', 1301172012, 'CSG2A3', 2122, '1', 'E'),
('N7CU9Z2V', 1301178673, 'MUG1B4', 1819, '2', 'C'),
('N7DE23NA', 1301179593, 'CDG4H3', 2021, '2', 'D'),
('N7PHDOXI', 1201174125, 'CDG4G3', 1819, '2', 'B'),
('N84OOLBT', 1201167347, 'MUG1A4', 1819, '2', 'E'),
('N918F5WV', 1301174440, 'CSG3F3', 2021, '2', 'D'),
('N9NB0L05', 1201174125, 'CIG4B3', 2122, '1', 'C'),
('NADCD6BE', 1101174213, 'COH1D3', 1718, '1', 'C'),
('NAOBPSQV', 1201170987, 'CIG4C3', 1819, '1', 'A'),
('NATEL2QN', 1101171335, 'BAH1A3', 1819, '1', 'B'),
('NAULD5L7', 1101178765, 'MUG1A4', 2122, '2', 'D'),
('NBGJJBN8', 1201179999, 'KUG1C3', 2122, '1', 'AB'),
('NBTJXALD', 1301179593, 'BUG1A2', 2021, '2', 'AB'),
('NBWIJ8GM', 1301171351, 'MUG1B4', 2122, '1', 'A'),
('NC3BK6VY', 1101175457, 'BAH1A3', 1819, '1', 'D'),
('NC8DHXH0', 1101170987, 'KUG1C3', 2021, '2', 'D'),
('NED35U2U', 1101170987, 'BAH1F4', 2021, '1', 'AB'),
('NEM61F3P', 1201171234, 'CIG4G3', 1718, '1', 'C'),
('NEOSLMMB', 1201173154, 'CIG4K3', 1718, '1', 'A'),
('NERXB5ZO', 1101175312, 'BAH1E3', 1819, '2', 'AB'),
('NF7TIHVR', 1301174440, 'CIG4I3', 2021, '2', 'C'),
('NFHKMVD1', 1301175246, 'CIG4I3', 1718, '1', 'A'),
('NFLOMX4C', 1201179999, 'CDG4H3', 2122, '2', 'A'),
('NIKAT0PR', 1301179593, 'CIG4C3', 1718, '1', 'B'),
('NIYCL5GP', 1101177126, 'BAH1A3', 1718, '1', 'E'),
('NJ2CDCGK', 1301174214, 'MUG1B4', 1819, '2', 'E'),
('NJQCUT88', 1201165162, 'CIG4F3', 2021, '2', 'C'),
('NK4AZ4V5', 1101171234, 'BAH1E3', 1819, '2', 'AB'),
('NK4XDC8R', 1101172573, 'IDH1D2', 1819, '1', 'BC'),
('NKCQ8QPY', 1201171674, 'CIG4B3', 1819, '2', 'E'),
('NKLWYQW2', 1201165162, 'CDG4I3', 2021, '1', 'BC'),
('NKQJDSAZ', 1101171234, 'BAH1F4', 2122, '2', 'BC'),
('NLL23RJE', 1201173154, 'MUG1A4', 1718, '1', 'BC'),
('NMEJE9P1', 1301172001, 'HUG1H2', 1819, '1', 'B'),
('NMIBJJIG', 1101170987, 'FUG1A3', 1718, '1', 'A'),
('NN1OEZLD', 1201172304, 'CIG4G3', 2122, '1', 'AB'),
('NNCO9HEM', 1301171351, 'CSG3L3', 2021, '2', 'C'),
('NO2UNN55', 1301172001, 'CSG2D3', 2122, '2', 'BC'),
('NO9I0RBY', 1301172001, 'CSG3A3', 1819, '2', 'C'),
('NON0ZW9Z', 1301175246, 'CSH2D3', 2021, '2', 'E'),
('NQ40RIJH', 1301174440, 'CNG4M3', 2122, '2', 'B'),
('NQS0EPAJ', 1101174125, 'BUG1A2', 2021, '2', 'E'),
('NQSC3VW7', 1101175457, 'IDH1E2', 1819, '2', 'AB'),
('NR1MXAY5', 1201161246, 'BUG1E2', 2122, '2', 'A'),
('NSCLAU6F', 1301171245, 'CSH2D3', 1718, '1', 'E'),
('NSPKCWXR', 1101161244, 'IKG403', 1819, '2', 'BC'),
('NTWO3RG6', 1201174567, 'CIG4C3', 2021, '2', 'BC'),
('NV4CWFKO', 1101172573, 'BAH1G3', 1718, '1', 'B'),
('NW94H9GL', 1301174111, 'CSG3G3', 2021, '1', 'B'),
('NWHVX2I3', 1201167347, 'CIG4C3', 2021, '2', 'E'),
('NWOJVRHM', 1101161244, 'IKG403', 1718, '1', 'B'),
('NXINM4E0', 1101175723, 'FUG1A3', 2122, '2', 'AB'),
('NXQVUU0M', 1301174440, 'CDG4K3', 2021, '2', 'BC'),
('NYJ3R9KG', 1101178765, 'MUG1B4', 1819, '2', 'C'),
('NZCGAIM3', 1201166235, 'MUG1B4', 2122, '1', 'BC'),
('NZZVU91B', 1101178765, 'COH1D3', 1819, '1', 'AB'),
('O01OU5F9', 1201173625, 'CIG4F3', 1718, '2', 'AB'),
('O0GW3GCY', 1201171234, 'CIG4I3', 2021, '2', 'AB'),
('O10S6EY1', 1201173154, 'FUG1A3', 1718, '2', 'E'),
('O1RUUB7B', 1201172304, 'CDG4M3', 2021, '2', 'E'),
('O3V2VQY3', 1201172304, 'MUG1A4', 2122, '2', 'E'),
('O3V57FK8', 1201175163, 'MUG1A4', 2021, '1', 'D'),
('O3VI7BXA', 1101176236, 'IDH1B3', 1718, '2', 'D'),
('O4W34C7Z', 1101175723, 'CDG4I3', 2021, '1', 'BC'),
('O6OU1BPN', 1101174213, 'HUG1H2', 2021, '1', 'B'),
('O8235NEX', 1201164213, 'CDG4M3', 2021, '1', 'B'),
('O8WX1PWC', 1201174567, 'CDG4H3', 1819, '2', 'BC'),
('O98X35RE', 1201179999, 'CIG4K3', 1819, '2', 'D'),
('O9AS5OLQ', 1101171335, 'IDH1E2', 1819, '2', 'BC'),
('O9DNVNWD', 1201165162, 'CDG4M3', 1718, '2', 'A'),
('O9DTFYBP', 1201174567, 'CIG4I3', 2122, '1', 'E'),
('O9LUEGQ3', 1201171674, 'KUG1C3', 1819, '2', 'AB'),
('OA75UEJ7', 1201173625, 'CIG4K3', 2021, '2', 'AB'),
('OAOC4XXU', 1201174567, 'CIG4B3', 2021, '2', 'BC'),
('OB5L997B', 1101171234, 'BAH1G3', 1718, '2', 'D'),
('OBM9N4LS', 1301176622, 'CNG4M3', 1819, '1', 'A'),
('OC5WEMMV', 1201172304, 'CIG4L3', 1819, '2', 'B'),
('OC91ZP36', 1201161557, 'CNG4P3', 2122, '2', 'B'),
('OCEK07RQ', 1201175163, 'CDG4M3', 1819, '2', 'E'),
('OCY55I42', 1301175234, 'CSG3L3', 2122, '2', 'B'),
('OCZQT24J', 1101175457, 'IDH1A3', 1718, '1', 'AB'),
('ODE7X4J8', 1101174125, 'IDH1B3', 1819, '2', 'E'),
('ODM8M55Z', 1201167347, 'CIG4I3', 1819, '2', 'D'),
('ODSPO2IS', 1201171674, 'MUG1A4', 1718, '1', 'B'),
('OEQBT7QH', 1301175246, 'CSG3F3', 2021, '2', 'AB'),
('OEY2UFD1', 1201175163, 'MUG1B4', 1819, '1', 'D'),
('OFZNSUNZ', 1301171245, 'CDG4E3', 1819, '1', 'AB'),
('OG2VAYBN', 1201171234, 'CDG4G3', 2122, '2', 'D'),
('OGVL3DZJ', 1301172012, 'CNG4K3', 2122, '1', 'B'),
('OIB7VCDZ', 1101171234, 'IDH1D2', 2021, '2', 'E'),
('OILJHF0X', 1101175723, 'IDH1C3', 1718, '2', 'E'),
('OIM8ZWGO', 1301174214, 'CSG3E3', 2021, '2', 'D'),
('OIWSECJX', 1301175234, 'CNG4K3', 2122, '1', 'A'),
('OJATH410', 1301161312, 'CIG4I3', 1819, '2', 'B'),
('OJDQVB7G', 1101174125, 'BUG1E2', 1819, '2', 'AB'),
('OKNU4ZYE', 1301176622, 'CIG4L3', 1819, '1', 'A'),
('OKWEQ4FE', 1101177126, 'BUG1E2', 1718, '2', 'D'),
('OLLTSHP4', 1101171234, 'BAH1B3', 1718, '2', 'C'),
('OLVI7SHF', 1301174111, 'HUG1H2', 2122, '1', 'D'),
('OMAZLZYQ', 1201170987, 'CNG4P3', 1819, '1', 'AB'),
('OMKHVNJH', 1301179593, 'CIG4G3', 2122, '2', 'E'),
('OML864FM', 1101172573, 'IDH1B3', 1718, '1', 'B'),
('OMTKLZ6R', 1101176236, 'CDG4H3', 1718, '2', 'AB'),
('ON3CGMCR', 1101175723, 'IDH1E2', 1819, '1', 'C'),
('ON4LTM80', 1301174111, 'CIG4L3', 1718, '1', 'D'),
('ONJNBEUI', 1201175163, 'CDG4H3', 2122, '1', 'B'),
('ONK0P1M9', 1301178673, 'CSH2D3', 2122, '2', 'E'),
('OOF0CC7N', 1201173154, 'FUG1A3', 2122, '1', 'AB'),
('OOH6OBGP', 1301177773, 'MUG1A4', 1718, '1', 'E'),
('OPKRH1SD', 1201174567, 'CDG4M3', 2021, '2', 'AB'),
('OQJPK2K0', 1301174440, 'HUG1H2', 2021, '1', 'E'),
('OR74L17M', 1101174125, 'IDH1C3', 2021, '1', 'B'),
('OR84KN4O', 1101177126, 'HUG1H2', 2021, '2', 'A'),
('ORJQWB86', 1201174125, 'CDG4M3', 1718, '1', 'B'),
('ORKAF70J', 1201161557, 'CDG4I3', 2122, '1', 'B'),
('ORW3NNGB', 1201179684, 'FUG1A3', 1718, '1', 'AB'),
('OSAHYX0A', 1101178651, 'CDG4H3', 1819, '2', 'AB'),
('OT3ZRCZV', 1201165162, 'CIG4B3', 1819, '2', 'C'),
('OTUMX65Q', 1101177126, 'IDH1A3', 2021, '2', 'B'),
('OTVL7360', 1101177126, 'BAH1E3', 2021, '2', 'D'),
('OU27ESFP', 1201175163, 'CNG4P3', 1718, '2', 'B'),
('OU78UMBF', 1201174567, 'CIG4C3', 2122, '1', 'C'),
('OUKAJRY2', 1301174111, 'CSG3F3', 1819, '1', 'AB'),
('OUZ0PCWP', 1101175723, 'BUG1A2', 2021, '2', 'AB'),
('OVCWCWS5', 1201171674, 'CIG4L3', 1819, '1', 'E'),
('OVIIJ6ES', 1101178651, 'CDG4H3', 2021, '1', 'AB'),
('OVLCYGIR', 1101175723, 'BAH1H2', 2021, '2', 'E'),
('OWOSAWTQ', 1201161246, 'KUG1C3', 1718, '2', 'E'),
('OWSE96GG', 1201173625, 'CIG4F3', 2021, '2', 'BC'),
('OWUN4U81', 1201175163, 'CIG4G3', 1718, '2', 'B'),
('OX3OAJ5G', 1101174213, 'BAH1G3', 1718, '2', 'BC'),
('OXMVJVN0', 1201161557, 'CIG4K3', 1819, '1', 'B'),
('OXPB8XF4', 1201172304, 'MUG1A4', 1718, '2', 'BC'),
('OXVXP0V2', 1101171234, 'IDH1D2', 2021, '2', 'B'),
('OZ4KLN8R', 1101177777, 'BAH1G3', 2122, '2', 'A'),
('OZV45CWZ', 1101171335, 'MUG1A4', 1819, '1', 'E'),
('P0ESE718', 1301171245, 'CIG4I3', 1819, '2', 'A'),
('P1LWS0YV', 1201167347, 'BUG1E2', 1819, '2', 'B'),
('P34JLS9X', 1301174440, 'CSG2D3', 1819, '2', 'B'),
('P38DK0MQ', 1101175312, 'BAH1B3', 1819, '2', 'D'),
('P3K1HNPZ', 1101171234, 'IDH1E2', 2021, '1', 'A'),
('P456Q9G8', 1101175457, 'IKG403', 2021, '1', 'C'),
('P531U0EE', 1201172304, 'CDG4G3', 1718, '2', 'AB'),
('P66I1JB8', 1301175246, 'CSG3A3', 2122, '2', 'BC'),
('P69HL0IQ', 1301172001, 'CSG2A3', 1819, '2', 'B'),
('P72X1U93', 1101161244, 'BAH1E3', 2021, '1', 'A'),
('P8F6H5RW', 1301174440, 'HUG1H2', 1718, '1', 'D'),
('P8KIPKZP', 1301176622, 'CSG3L3', 2021, '1', 'AB'),
('P8L341VT', 1101171335, 'IDH1C3', 1718, '2', 'AB'),
('P9XMYPER', 1301172012, 'CSG3B3', 1718, '1', 'BC'),
('PBGNQ8Y7', 1301172001, 'CSG2D3', 1819, '1', 'B'),
('PBIDLBWZ', 1201165162, 'CIG4K3', 1718, '1', 'D'),
('PBIYKCSV', 1301171245, 'CNG4M3', 1718, '2', 'C'),
('PBPM4NNA', 1201173625, 'CDG4M3', 1718, '1', 'D'),
('PC56XSVS', 1301175246, 'CSG3E3', 1718, '2', 'BC'),
('PCC2SGNS', 1301179593, 'CDG4G3', 2122, '1', 'C'),
('PCC9Z7JD', 1101175673, 'EBH0C4', 1819, '2', 'AB'),
('PCUNN8WV', 1101174213, 'COH1D3', 2122, '2', 'BC'),
('PCVFP380', 1101172573, 'IDH1E2', 1819, '2', 'B'),
('PCZ67LH3', 1101178651, 'BAH1E3', 1819, '2', 'A'),
('PDR4CTMP', 1201172304, 'CDG4I3', 2122, '2', 'E'),
('PEMIVR3H', 1101171234, 'MUG1A4', 1718, '1', 'B'),
('PF4907EW', 1301179593, 'BUG1E2', 1718, '2', 'D'),
('PF5SFW7Q', 1201161246, 'BUG1A2', 1819, '1', 'D'),
('PFRD087J', 1101177126, 'IDH1A3', 1718, '2', 'D'),
('PG25XNE1', 1301176622, 'CIG4L3', 2122, '1', 'A'),
('PG7MBHJB', 1101175457, 'BAH1A3', 1718, '2', 'BC'),
('PGAMQSTT', 1101178765, 'BAH1E3', 1819, '2', 'A'),
('PGOTZFSU', 1301172012, 'HUG1H2', 2021, '1', 'AB'),
('PH7Z2OAB', 1201161557, 'CDG4I3', 1819, '1', 'BC'),
('PHKQRVHE', 1101170987, 'KUG1C3', 2122, '1', 'A'),
('PHXR56SE', 1101177777, 'FUG1A3', 1819, '2', 'C'),
('PI0E4WX6', 1101178651, 'BAH1B3', 2122, '2', 'E'),
('PK64A3MK', 1201171674, 'CIG4E3', 2021, '2', 'AB'),
('PL92CLFE', 1101178651, 'IDH1D2', 1819, '2', 'AB'),
('PLSXBLQK', 1201179999, 'HUG1H2', 2021, '2', 'E'),
('PN39VFPC', 1101170987, 'MUG1B4', 2021, '1', 'D'),
('PN41B9GC', 1201179684, 'CNG4P3', 1718, '2', 'C'),
('PNMK3Z43', 1101178651, 'IDH1D2', 1718, '1', 'C'),
('PNOAIKTA', 1301171111, 'CSG3A3', 2021, '1', 'A'),
('PNP8SKNW', 1101179413, 'IDH1A3', 2122, '1', 'E'),
('PO3L5OZS', 1101161244, 'IDH1E2', 2021, '2', 'E'),
('PPWLH6T4', 1101171234, 'IDH1C3', 2122, '2', 'E'),
('PPX2TIPK', 1101176236, 'BAH1B3', 2122, '2', 'AB'),
('PQCLPWQX', 1101175457, 'BAH1B3', 1819, '1', 'C'),
('PQHZ86JR', 1301172012, 'CSG3F3', 1718, '1', 'E'),
('PRP2O43N', 1201179999, 'BUG1E2', 1819, '2', 'D'),
('PRT1SOC9', 1101177777, 'IDH1B3', 1718, '2', 'D'),
('PRU9QLJ6', 1201179999, 'BUG1A2', 1718, '1', 'E'),
('PSCIIG7H', 1101161244, 'IDH1E2', 1819, '1', 'E'),
('PSEAKTCF', 1101175723, 'BAH1E3', 1819, '1', 'E'),
('PSTGPID7', 1301174440, 'CSG2F3', 1718, '2', 'AB'),
('PT0FMSP2', 1301175234, 'MUG1A4', 1718, '2', 'C'),
('PTAGXC5U', 1101170987, 'HUG1H2', 2021, '1', 'D'),
('PTGTSE9H', 1101161244, 'CDG4I3', 2122, '1', 'AB'),
('PTYNF3GF', 1301173122, 'HUG1H2', 1819, '2', 'E'),
('PTYQWMUQ', 1201174125, 'CIG4E3', 2021, '1', 'E'),
('PUIGNL8P', 1101175723, 'IDH1D2', 2021, '2', 'AB'),
('PUTXD35T', 1301174214, 'CSG3A3', 2122, '2', 'C'),
('PV1U6EBE', 1301175234, 'CSG3L3', 1718, '2', 'B'),
('PVEKH0O4', 1301171351, 'KUG1C3', 2021, '1', 'BC'),
('PVRIJ956', 1201174567, 'FUG1A3', 1819, '2', 'BC'),
('PVUBH109', 1101174213, 'MUG1B4', 2021, '2', 'AB'),
('PVWBO7DT', 1301178673, 'CNG4K3', 2021, '2', 'B'),
('PWCQ9UZF', 1201175163, 'CIG4I3', 2122, '2', 'AB'),
('PWLPT5G5', 1301174214, 'CDG4E3', 2122, '1', 'A'),
('PZ17BAU0', 1301175246, 'CSG2D3', 2122, '2', 'BC'),
('PZEK6WH0', 1201179999, 'HUG1H2', 2122, '2', 'E'),
('PZVX4O81', 1201179684, 'CIG4E3', 1819, '1', 'A'),
('Q0B053JD', 1301179593, 'HUG1H2', 1718, '2', 'BC'),
('Q1TAEIPW', 1101178651, 'MUG1B4', 2122, '1', 'B'),
('Q3M2UU08', 1301171111, 'CDG4E3', 2021, '1', 'D'),
('Q3Q8E4KE', 1101179413, 'BAH1A3', 2122, '2', 'B'),
('Q45229LM', 1101179413, 'MUG1B4', 2122, '2', 'C'),
('Q4NY6QNU', 1301174214, 'CSG2A3', 2122, '1', 'BC'),
('Q4TOIOK4', 1301172001, 'CNG4N3', 1819, '2', 'D'),
('Q54X53T8', 1101171335, 'HUG1H2', 1819, '2', 'E'),
('Q7NGR3P2', 1301175246, 'CSG3F3', 2021, '2', 'E'),
('Q90DAIDZ', 1301171245, 'CSG2D3', 1819, '1', 'C'),
('Q9OT9F7K', 1301174111, 'CSG3F3', 1819, '2', 'B'),
('Q9QGVBVB', 1201173154, 'KUG1C3', 2021, '2', 'C'),
('QAPF7LC1', 1301175246, 'CSG3G3', 1819, '2', 'BC'),
('QBHMJ9DH', 1101175457, 'IDH1B3', 2021, '2', 'A'),
('QBNQA7QG', 1301175234, 'CSG2D3', 1718, '2', 'D'),
('QBX545JF', 1201179999, 'CIG4G3', 1819, '2', 'BC'),
('QC5P45BF', 1101178651, 'CDG4I3', 2021, '1', 'D'),
('QC6VKMUL', 1201173154, 'BUG1A2', 1819, '2', 'B'),
('QCEGMOT6', 1301177773, 'MUG1A4', 2122, '1', 'E'),
('QGJ8WOB0', 1101175312, 'BAH1H2', 2122, '2', 'D'),
('QH9ZCXXK', 1201174567, 'FUG1A3', 2122, '1', 'D'),
('QHVNGSNC', 1101171234, 'MUG1B4', 2021, '2', 'E'),
('QIBV43UR', 1301174214, 'CSG2F3', 1819, '1', 'C'),
('QIV0YVO1', 1101175673, 'BAH1B3', 2021, '2', 'B'),
('QJ6KBXC8', 1201175163, 'CIG4L3', 2021, '1', 'E'),
('QJ7HKK6A', 1201174125, 'CIG4B3', 1718, '2', 'B'),
('QK2U3296', 1201166235, 'CIG4B3', 1718, '1', 'D'),
('QKE06EY4', 1301161312, 'CDG4K3', 1819, '2', 'A'),
('QL0DSARF', 1301179593, 'CIG4I3', 1718, '1', 'A'),
('QL4D0QVW', 1101177777, 'MUG1A4', 2021, '1', 'A'),
('QMG8468I', 1301177773, 'CSG3E3', 2122, '1', 'C'),
('QMWTS9NH', 1301174214, 'MUG1A4', 2021, '1', 'E'),
('QNTFQSDL', 1201164213, 'CDG4M3', 2021, '1', 'A'),
('QO9HY6ZJ', 1301178673, 'CSG3F3', 1819, '2', 'AB'),
('QR37GQL7', 1301174111, 'KUG1C3', 2021, '2', 'AB'),
('QS9O9YC3', 1201164213, 'CNG4P3', 2021, '2', 'A'),
('QSQZQHNS', 1101171234, 'MUG1A4', 1819, '2', 'E'),
('QT338IV0', 1201167347, 'CIG4L3', 2021, '2', 'BC'),
('QTHXKNX6', 1301172001, 'CSG3G3', 2021, '1', 'E'),
('QUBNU9K0', 1301171245, 'CSG3D3', 1819, '1', 'A'),
('QVRQMQL3', 1201171674, 'MUG1B4', 2021, '2', 'C'),
('QWHN76Y9', 1201173154, 'CDG4I3', 2021, '2', 'E'),
('QX4O35UD', 1301171351, 'CSG3F3', 1819, '2', 'C'),
('QXILY5HQ', 1301171351, 'MUG1A4', 1819, '1', 'B'),
('QY6O5PZ3', 1201171234, 'FUG1A3', 1718, '1', 'BC'),
('QYVBZH19', 1201167347, 'CIG4K3', 1718, '2', 'BC'),
('QZRH6TA8', 1201167347, 'CDG4I3', 1718, '2', 'A'),
('R0JACRBB', 1101172573, 'IDH1D2', 1819, '1', 'B'),
('R0VHSFLA', 1101171335, 'EBH0C4', 2021, '2', 'D'),
('R0WS2PZZ', 1201161246, 'BUG1A2', 2122, '2', 'C'),
('R1TD33WZ', 1301173122, 'HUG1H2', 1819, '1', 'A'),
('R2LEQW1R', 1101178651, 'COH1D3', 2122, '2', 'E'),
('R2QJLY0M', 1301178673, 'BUG1E2', 1920, '2', 'C'),
('R2TZ64P6', 1201161246, 'CIG4K3', 2021, '1', 'C'),
('R40455WP', 1101177126, 'IDH1A3', 1819, '1', 'A'),
('R4HC0083', 1301174440, 'CIG4L3', 1819, '2', 'C'),
('R4MSDSTW', 1101170987, 'IDH1C3', 1819, '2', 'C'),
('R4Y7TQ6D', 1101171234, 'BAH1F4', 1718, '2', 'C'),
('R52NXK6C', 1201179684, 'BUG1A2', 2122, '1', 'C'),
('R5FPHJPT', 1201172304, 'CNG4P3', 2122, '1', 'B'),
('R5P294WP', 1201175163, 'CIG4B3', 1718, '1', 'A'),
('R5SB5VWA', 1201171234, 'FUG1A3', 2021, '1', 'C'),
('R6GFS56X', 1101171335, 'IKG403', 2122, '1', 'B'),
('R6R8MAIE', 1101174213, 'IKG403', 2122, '1', 'D'),
('R7QB636S', 1101177777, 'BAH1B3', 2021, '2', 'B'),
('R85WQEF7', 1301171111, 'CIG4I3', 1718, '2', 'D'),
('R8MVYI0W', 1201173625, 'BUG1A2', 2122, '1', 'AB'),
('RAB2SDY6', 1101174125, 'CDG4H3', 1819, '2', 'E'),
('RAPG4ROX', 1301177773, 'CDG4K3', 1819, '2', 'B'),
('RARU56CP', 1301175234, 'CSG2A3', 1819, '1', 'C'),
('RB3JUYOR', 1101171234, 'BAH1B3', 1718, '1', 'A'),
('RBEHGZIC', 1301176622, 'CSH2D3', 2122, '1', 'BC'),
('RBG7SDQJ', 1101174213, 'MUG1B4', 2021, '2', 'B'),
('RBZT9NGX', 1301173122, 'CNG4K3', 2021, '2', 'BC'),
('RC0K34AH', 1301175246, 'CSG3L3', 2021, '2', 'B'),
('RCZ2550Y', 1201179684, 'CDG4M3', 2021, '2', 'B'),
('RD82V7UM', 1301172012, 'BUG1E2', 2122, '2', 'B'),
('RDHDQCUC', 1201173154, 'BUG1E2', 2021, '2', 'D'),
('RDUQQVQN', 1301171351, 'CDG4K3', 2122, '1', 'B'),
('RET01M7X', 1301178673, 'KUG1C3', 2021, '1', 'D'),
('RFDGSQ4Y', 1301174214, 'BUG1E2', 2021, '1', 'C'),
('RFHIAS4U', 1301174111, 'CIG4I3', 2021, '2', 'C'),
('RFPF11W6', 1201161246, 'CIG4L3', 2021, '1', 'D'),
('RFUBTTYR', 1101178651, 'HUG1H2', 1819, '1', 'D'),
('RGFFA352', 1201174125, 'FUG1A3', 2122, '2', 'D'),
('RGYOXMHJ', 1101175673, 'FUG1A3', 2122, '2', 'B'),
('RIMC8TPN', 1301175246, 'CIG4I3', 2021, '2', 'D'),
('RJOO9C39', 1301171351, 'CSG3B3', 2021, '2', 'B'),
('RKXRLA7F', 1101175312, 'MUG1A4', 1819, '1', 'BC'),
('RLIHXTQ6', 1101178651, 'CDG4H3', 1819, '2', 'E'),
('RMMTCDDJ', 1301172012, 'CNG4M3', 2122, '1', 'C'),
('RN1PWV6Q', 1201174125, 'HUG1H2', 1718, '2', 'E'),
('RN619PJ1', 1101170987, 'CDG4I3', 1718, '1', 'BC'),
('RNCLW7QV', 1101179413, 'IDH1B3', 1718, '1', 'BC'),
('RNLSDSZ7', 1101175723, 'EBH0C4', 2021, '2', 'C'),
('RO5TD3C4', 1201167347, 'CIG4B3', 2122, '1', 'A'),
('ROH7M1BF', 1301175234, 'CSG2D3', 2122, '1', 'A'),
('RP3OYMGE', 1101172573, 'BAH1E3', 1718, '1', 'E'),
('RPPQ0OVI', 1101175673, 'BAH1E3', 1819, '2', 'C'),
('RQ4S3HAH', 1301173122, 'MUG1B4', 2021, '1', 'E'),
('RR9ERRVH', 1301171351, 'CSG3E3', 1819, '2', 'A'),
('RRWUCU15', 1201175163, 'CDG4G3', 2021, '2', 'A'),
('RSD71UGM', 1301174111, 'MUG1B4', 1819, '1', 'A'),
('RSTDYTS4', 1101174125, 'COH1D3', 2021, '2', 'B'),
('RT0NUR7V', 1301173122, 'CSG3E3', 1718, '1', 'AB'),
('RUHCTYXQ', 1301179593, 'CIG4B3', 2021, '1', 'BC'),
('RV8R4VQX', 1301172001, 'MUG1A4', 1718, '1', 'B'),
('RV8SIMOJ', 1101178765, 'MUG1B4', 1718, '2', 'A'),
('RVUC0HZF', 1301172012, 'CNG4N3', 1819, '1', 'A'),
('RVVIGA06', 1201161557, 'CIG4B3', 2122, '1', 'AB'),
('RWBP4XBO', 1101178765, 'BAH1B3', 1819, '2', 'BC'),
('RWCW02BB', 1301176622, 'CSG3B3', 2021, '2', 'D'),
('RWLUJ9AK', 1101174213, 'BAH1F4', 1819, '1', 'B'),
('RZ7YAJV6', 1201164213, 'CIG4K3', 2021, '1', 'BC'),
('RZ8LHGN0', 1201171674, 'FUG1A3', 1819, '2', 'D'),
('RZLCD0Q4', 1301172012, 'CSG2F3', 2021, '2', 'BC'),
('RZMD4KCA', 1301175234, 'CDG4K3', 1819, '1', 'E'),
('S0OJX0CH', 1101171234, 'BAH1B3', 2021, '1', 'C'),
('S19FADJ9', 1201179684, 'CIG4B3', 2122, '2', 'B'),
('S1N1OMNW', 1101177126, 'BUG1A2', 1718, '1', 'B'),
('S1YCRMGC', 1301171245, 'CSG3B3', 2122, '1', 'B'),
('S226JXB0', 1201174567, 'CIG4B3', 1718, '1', 'E'),
('S2HHVGBC', 1301177773, 'CSG2D3', 1718, '1', 'AB'),
('S2LU8CTV', 1101178765, 'EBH0C4', 2021, '2', 'BC'),
('S31ZUZYO', 1101177777, 'BUG1E2', 2122, '2', 'AB'),
('S3CC8N7S', 1201179999, 'CDG4G3', 2021, '1', 'B'),
('S44IPVN3', 1201167347, 'CDG4G3', 1718, '1', 'A'),
('S4V6YJ33', 1201161246, 'CIG4E3', 1718, '2', 'B'),
('S4WKPKID', 1201165162, 'CIG4L3', 2122, '2', 'AB'),
('S4ZGXVG0', 1201165162, 'KUG1C3', 2021, '2', 'B'),
('S52WZ4QZ', 1201170987, 'MUG1A4', 2122, '1', 'BC'),
('S5KKB78V', 1201174567, 'CIG4C3', 2122, '1', 'D'),
('S6BHW1QL', 1101178765, 'EBH0C4', 2122, '2', 'BC'),
('S6GBG69W', 1201179684, 'FUG1A3', 1718, '1', 'D'),
('S7A3JR63', 1101171234, 'HUG1H2', 1718, '1', 'B'),
('S7BL3ZZE', 1301179593, 'HUG1H2', 1718, '2', 'E'),
('S7BLRAMM', 1101175457, 'BAH1G3', 2021, '2', 'BC'),
('S7HWKHMC', 1101172573, 'BUG1A2', 2122, '1', 'D'),
('S8AGV3SS', 1101177126, 'BAH1G3', 1819, '1', 'AB'),
('S8ESSBL7', 1301176622, 'CSG2A3', 2021, '1', 'C'),
('S8VV922G', 1101177777, 'BAH1B3', 1819, '1', 'AB'),
('SAKX9I58', 1101179413, 'BUG1E2', 2122, '1', 'C'),
('SAPGSML2', 1101175673, 'EBH0C4', 1718, '1', 'E'),
('SBEDGP9U', 1201170987, 'CIG4I3', 2122, '2', 'D'),
('SCKUGEG0', 1301171351, 'CNG4M3', 2122, '1', 'E'),
('SDNUIGL6', 1201173154, 'MUG1A4', 2122, '2', 'BC'),
('SE7TRFER', 1301171351, 'CDG4E3', 2021, '1', 'B'),
('SG6YVQ63', 1101175312, 'BAH1F4', 2122, '2', 'D'),
('SGDRRG2C', 1201161246, 'KUG1C3', 1718, '1', 'C'),
('SH8EH5Y5', 1301178673, 'CNG4K3', 1819, '2', 'D'),
('SHKEEPC0', 1201174567, 'CDG4I3', 2122, '1', 'AB'),
('SHONXMQY', 1301173122, 'CSG3L3', 1819, '2', 'AB'),
('SHR6VKY4', 1201172304, 'CIG4G3', 1819, '2', 'C'),
('SHZ53J5F', 1201179684, 'CIG4I3', 2021, '2', 'C'),
('SIUYNNN9', 1301173122, 'HUG1H2', 1718, '1', 'D'),
('SJ9XATVE', 1201167347, 'CDG4G3', 1718, '2', 'BC'),
('SJIK4F73', 1301179593, 'MUG1B4', 1718, '2', 'C'),
('SKN9DGDX', 1301174111, 'CIG4I3', 2122, '2', 'A'),
('SKT93TUC', 1301178673, 'CNG4N3', 1718, '1', 'D');
INSERT INTO `mengambil` (`reg_id`, `nim`, `mk_id`, `thn_ajaran`, `semester`, `nilai`) VALUES
('SLBEG2SN', 1201179999, 'CIG4I3', 2021, '2', 'AB'),
('SLS7GQ51', 1201173625, 'CIG4G3', 2122, '2', 'D'),
('SLSBEPIF', 1201175163, 'CDG4M3', 2021, '2', 'AB'),
('SLW6MYMS', 1201175163, 'CDG4I3', 1819, '1', 'C'),
('SM41RFKM', 1301178673, 'CSG3A3', 1718, '1', 'C'),
('SNYXQMK7', 1101175673, 'BAH1F4', 1819, '1', 'BC'),
('SP2X3MM3', 1101177777, 'BAH1H2', 1718, '2', 'E'),
('SPKNW4P9', 1301175246, 'CNG4M3', 1718, '2', 'B'),
('SPN68PTT', 1101175312, 'BAH1A3', 2122, '2', 'A'),
('SQ8V4PJ3', 1101171234, 'IDH1E2', 2021, '1', 'D'),
('SQWFLR94', 1201161557, 'CIG4K3', 1819, '1', 'C'),
('SR6W5H1F', 1301172012, 'CSG3A3', 2122, '2', 'E'),
('SR7NGDSZ', 1101176236, 'FUG1A3', 2122, '2', 'A'),
('SRJ28VHQ', 1301174214, 'CSG3D3', 1819, '1', 'E'),
('SRSA137L', 1201166235, 'FUG1A3', 1718, '2', 'B'),
('SS54HBYW', 1301178673, 'KUG1C3', 1718, '2', 'A'),
('SS9E2TT8', 1101174125, 'BUG1E2', 2122, '1', 'A'),
('SSAK8PHP', 1201174125, 'CNG4P3', 2021, '1', 'D'),
('SSC7EGXA', 1301171111, 'CNG4K3', 1819, '2', 'D'),
('ST7UXG8G', 1301174111, 'CSG3F3', 1819, '1', 'C'),
('STQ7OP1I', 1201166235, 'CIG4E3', 2021, '1', 'C'),
('STXCJXCE', 1301171245, 'CDG4K3', 1819, '2', 'C'),
('SU098KWC', 1201173625, 'CNG4P3', 2021, '2', 'B'),
('SUG0WULI', 1301161312, 'CSG2A3', 2021, '1', 'D'),
('SUXLA9YQ', 1101176236, 'FUG1A3', 2021, '1', 'A'),
('SUZNZHMA', 1201166235, 'KUG1C3', 2122, '2', 'C'),
('SVDNLR4Z', 1201171234, 'MUG1B4', 2122, '1', 'A'),
('SW2CUUMQ', 1201171234, 'BUG1A2', 1718, '2', 'C'),
('SXXBEYCU', 1201179684, 'CIG4G3', 1819, '1', 'E'),
('SZ6EAQJ0', 1301175234, 'CDG4E3', 1819, '1', 'C'),
('SZ764UN3', 1301176622, 'CSG3F3', 2021, '2', 'D'),
('SZANVSA1', 1201173625, 'CIG4C3', 1718, '1', 'A'),
('SZLDEVDU', 1201179999, 'CNG4P3', 2122, '2', 'BC'),
('T0NQ32HV', 1201164213, 'MUG1B4', 1718, '1', 'B'),
('T2W4PLXV', 1201172304, 'MUG1A4', 1718, '2', 'B'),
('T47W7R9M', 1101179413, 'CDG4H3', 1819, '2', 'C'),
('T58GKHZF', 1201175163, 'KUG1C3', 2122, '2', 'AB'),
('T5E31QGH', 1301171111, 'CDG4E3', 1718, '1', 'E'),
('T5GBLEGE', 1301177773, 'MUG1B4', 1718, '1', 'BC'),
('T5HXAMS1', 1101171335, 'CDG4H3', 2021, '1', 'BC'),
('T5S1KNK4', 1301175246, 'CSG2F3', 1819, '1', 'B'),
('T63GUP35', 1301174111, 'CIG4I3', 2122, '1', 'BC'),
('T69OKGGQ', 1101176236, 'IDH1A3', 2122, '2', 'D'),
('T6VF2AOZ', 1201179684, 'CIG4L3', 1819, '1', 'E'),
('T7QGBAJB', 1301173122, 'CIG4L3', 1819, '2', 'C'),
('T7SRDULV', 1301171351, 'CNG4K3', 1718, '2', 'D'),
('T7WQH21L', 1101174213, 'IDH1B3', 1718, '1', 'E'),
('T89M2Z3Q', 1201173625, 'CIG4I3', 2021, '1', 'C'),
('T8QQ0YRY', 1201174567, 'CIG4B3', 2122, '2', 'A'),
('T8TDJBOL', 1301174111, 'KUG1C3', 1718, '1', 'BC'),
('T8UZOXG6', 1101174125, 'EBH0C4', 1819, '2', 'AB'),
('T964O4AW', 1101174125, 'CDG4I3', 1718, '1', 'C'),
('TA747UW5', 1301174440, 'CIG4L3', 2122, '1', 'A'),
('TAMZ8VFT', 1201174125, 'CIG4I3', 1718, '1', 'D'),
('TB74SKLC', 1301174214, 'CSG3E3', 2021, '2', 'E'),
('TBB8DWVL', 1101171335, 'BAH1H2', 2021, '2', 'AB'),
('TBWUPFB5', 1301177773, 'CNG4K3', 2021, '1', 'BC'),
('TC1FUKBT', 1301173122, 'KUG1C3', 2122, '1', 'BC'),
('TCHD16PP', 1201166235, 'CDG4H3', 1718, '1', 'AB'),
('TCRXHBVV', 1301174440, 'CSG2A3', 2122, '1', 'BC'),
('TD2LFHR6', 1301171111, 'MUG1A4', 2122, '2', 'AB'),
('TDL70P7A', 1201164213, 'CIG4B3', 2021, '1', 'B'),
('TDRKZOT1', 1101175457, 'IDH1E2', 2021, '1', 'AB'),
('TENVJ9UI', 1201165162, 'MUG1B4', 1718, '2', 'BC'),
('TEOKIEQE', 1301174214, 'CSG3D3', 2122, '1', 'A'),
('TF09MB0W', 1301175246, 'CSG3G3', 2021, '2', 'A'),
('TF4J2OLB', 1101175673, 'BAH1H2', 1718, '1', 'D'),
('TGIP2KKD', 1101174213, 'IDH1D2', 2122, '2', 'E'),
('TGPF16XY', 1201172304, 'BUG1E2', 1819, '2', 'C'),
('TGXAJKYQ', 1201165162, 'CIG4L3', 1819, '1', 'AB'),
('THPR2SM0', 1201179684, 'CIG4G3', 1718, '2', 'A'),
('TI43G00P', 1301171111, 'CSG2D3', 2122, '1', 'D'),
('TIKI14BF', 1301174440, 'CSG2F3', 1819, '2', 'B'),
('TILTKPOI', 1301178673, 'CSG2F3', 2021, '1', 'AB'),
('TIW9VBKR', 1201171234, 'MUG1B4', 1819, '1', 'B'),
('TJ5OPWII', 1301172001, 'CSG3A3', 2021, '1', 'B'),
('TJ86XRKI', 1101177777, 'MUG1A4', 1819, '2', 'A'),
('TJHR8WQR', 1201172304, 'CIG4B3', 2021, '2', 'BC'),
('TJOE1RVD', 1101171335, 'COH1D3', 1718, '2', 'BC'),
('TJV6DE1F', 1301174440, 'MUG1A4', 2021, '2', 'A'),
('TJY2XIQH', 1101175723, 'CDG4I3', 2021, '2', 'A'),
('TKQTLIT6', 1101171234, 'BAH1B3', 1819, '1', 'E'),
('TLA0NNN6', 1201166235, 'CIG4I3', 2122, '2', 'A'),
('TM636ZTM', 1301161312, 'CNG4M3', 2021, '1', 'D'),
('TMI8GPVL', 1201161246, 'CNG4P3', 1718, '2', 'C'),
('TMOAEAGV', 1201172304, 'CIG4L3', 1819, '1', 'E'),
('TNCBBXXH', 1101161244, 'BAH1E3', 1718, '1', 'D'),
('TPM69FWL', 1101177777, 'BUG1E2', 2122, '1', 'D'),
('TQ4WLR6E', 1301174214, 'BUG1E2', 2021, '1', 'C'),
('TQ8BVULC', 1101177777, 'CDG4I3', 2122, '1', 'C'),
('TQYCZG1K', 1101161244, 'IDH1A3', 2021, '2', 'A'),
('TR2P5UP3', 1201164213, 'CDG4G3', 2021, '2', 'B'),
('TRHZTIYL', 1101175723, 'IDH1D2', 1819, '2', 'AB'),
('TRWBPX1M', 1301175246, 'CSG3A3', 1819, '1', 'A'),
('TTM757SS', 1101177777, 'COH1D3', 1718, '1', 'E'),
('TTVAD92Q', 1301175234, 'MUG1A4', 1819, '1', 'AB'),
('TU87RT6H', 1301173122, 'CSH2D3', 1718, '2', 'A'),
('TUR2O5WS', 1101171234, 'KUG1C3', 2021, '2', 'AB'),
('TUYEAISU', 1101175312, 'BUG1A2', 2021, '1', 'D'),
('TV9R010P', 1101172573, 'BAH1G3', 1718, '1', 'A'),
('TVTAC1EG', 1101178651, 'CDG4I3', 1819, '1', 'B'),
('TWJ9VOD4', 1301179593, 'CIG4I3', 2122, '1', 'AB'),
('TXOSJGCK', 1201161246, 'CDG4I3', 1819, '1', 'AB'),
('TYPPN3YP', 1301174111, 'CSG3G3', 2122, '1', 'A'),
('U18MZ2AC', 1301173122, 'CSG3G3', 2021, '1', 'D'),
('U29QGLLW', 1101177126, 'MUG1B4', 2122, '1', 'AB'),
('U3BJDZJD', 1201174567, 'CNG4P3', 2021, '1', 'B'),
('U3ROCYP5', 1301175234, 'MUG1B4', 1819, '1', 'B'),
('U403ZAO1', 1201179999, 'CIG4G3', 1718, '2', 'E'),
('U40PQGS3', 1101174213, 'BAH1F4', 2122, '2', 'E'),
('U43A2Q3R', 1301171111, 'BUG1E2', 2021, '1', 'AB'),
('U450WVIV', 1101174213, 'BAH1E3', 2122, '1', 'A'),
('U532DJGG', 1301174111, 'CSG3A3', 2021, '1', 'C'),
('U5ZZXPYR', 1301178673, 'CNG4N3', 2122, '2', 'BC'),
('U6JNCP1D', 1101177126, 'BAH1F4', 2021, '1', 'B'),
('U71M78LZ', 1101161244, 'IDH1A3', 1718, '1', 'AB'),
('U71THVWQ', 1301179593, 'MUG1A4', 1718, '2', 'A'),
('U7TY8978', 1301174214, 'MUG1A4', 1718, '2', 'B'),
('U8X17Q7I', 1301174111, 'CSG3D3', 1819, '1', 'A'),
('U98GILOS', 1101177777, 'IDH1B3', 1819, '1', 'B'),
('UAGCF1M3', 1201179999, 'CIG4E3', 2021, '2', 'C'),
('UAYNO2M3', 1101178765, 'MUG1B4', 1819, '1', 'BC'),
('UBZFD8RB', 1101174213, 'KUG1C3', 2021, '2', 'D'),
('UD6HMMKH', 1201174125, 'CIG4C3', 2021, '2', 'D'),
('UDJL29PS', 1201167347, 'CNG4P3', 1718, '1', 'A'),
('UE87E9KQ', 1301174111, 'CIG4L3', 1819, '2', 'D'),
('UELDN10M', 1301174214, 'BUG1E2', 2021, '2', 'BC'),
('UEZM0OZY', 1201172304, 'MUG1B4', 1819, '1', 'C'),
('UF4L7R2N', 1101175723, 'BAH1B3', 1718, '2', 'D'),
('UF50H0ON', 1301161312, 'CIG4I3', 2122, '1', 'B'),
('UF7MZPYW', 1301177773, 'CSG3G3', 1718, '1', 'A'),
('UFRIF8L2', 1301171351, 'BUG1E2', 1718, '2', 'C'),
('UGSDTNKW', 1301161312, 'CSG2F3', 2122, '1', 'C'),
('UHJKJM0R', 1101175457, 'COH1D3', 2122, '1', 'AB'),
('UHPH794T', 1301172001, 'CSG2A3', 2122, '1', 'E'),
('UHRNAX6M', 1301174214, 'MUG1A4', 1819, '2', 'B'),
('UJGFBMD2', 1201174567, 'CIG4B3', 2122, '2', 'C'),
('UJQZEMCJ', 1301171111, 'CSG3G3', 1819, '2', 'AB'),
('UL6T44M5', 1301171245, 'CNG4M3', 1819, '1', 'D'),
('ULJABV6X', 1301171351, 'CIG4I3', 1819, '1', 'A'),
('UM0EI5Q6', 1301171351, 'CNG4K3', 2122, '2', 'AB'),
('UMNGUTKA', 1101179413, 'FUG1A3', 1819, '1', 'E'),
('UMSHAGE9', 1301177773, 'CSG3E3', 2122, '2', 'AB'),
('UMSRR97L', 1301173122, 'CNG4K3', 2021, '1', 'BC'),
('UN0QU6G7', 1201173154, 'CDG4H3', 2122, '1', 'D'),
('UN435M9E', 1201173625, 'CIG4B3', 2021, '1', 'D'),
('UNBD3R14', 1101175673, 'IDH1E2', 1819, '1', 'B'),
('UNF2TLDA', 1301171351, 'CNG4N3', 2122, '2', 'D'),
('UNYJPLVE', 1101178765, 'BAH1G3', 2122, '1', 'D'),
('UO2RKI1I', 1101179413, 'IDH1B3', 1819, '1', 'A'),
('UOYXGJYZ', 1201175163, 'CIG4I3', 1718, '2', 'B'),
('URJRS6BR', 1301173122, 'HUG1H2', 2021, '1', 'D'),
('US0YDA5R', 1301175246, 'CIG4L3', 2021, '2', 'BC'),
('USPOZTMY', 1301175234, 'CNG4M3', 2021, '2', 'AB'),
('UUDJP5CG', 1101174125, 'FUG1A3', 1819, '1', 'E'),
('UUXYY4A8', 1101179413, 'IDH1B3', 2021, '2', 'A'),
('UV2FFCM8', 1301161312, 'CDG4E3', 1819, '2', 'C'),
('UW6MSTAK', 1101175457, 'BAH1F4', 1718, '2', 'AB'),
('UWJFSYGK', 1201161557, 'CNG4P3', 2122, '2', 'C'),
('UXB7F0CZ', 1301174214, 'CSG3L3', 1819, '1', 'D'),
('UXEBZIHU', 1301172001, 'CSG3F3', 1819, '2', 'B'),
('UXPFTS2V', 1201179684, 'CIG4L3', 2021, '1', 'C'),
('UYY00E5S', 1201167347, 'CIG4C3', 1718, '2', 'B'),
('UZ58JFLJ', 1201173154, 'FUG1A3', 1819, '2', 'A'),
('UZAF09SG', 1101175312, 'BAH1H2', 2122, '1', 'A'),
('V07PMXVA', 1301175246, 'CDG4K3', 2021, '2', 'D'),
('V0N0SRW6', 1101177126, 'BAH1H2', 2021, '2', 'E'),
('V16DOYPU', 1201164213, 'CIG4C3', 2021, '1', 'A'),
('V1K34YQD', 1201171674, 'CIG4C3', 1718, '2', 'B'),
('V1NL2IEP', 1201174567, 'CDG4M3', 2021, '2', 'AB'),
('V1UQPR5V', 1301176622, 'CSG2F3', 1718, '1', 'AB'),
('V1ZJ0DU5', 1101171335, 'IDH1A3', 1718, '2', 'B'),
('V2GBN7LV', 1101178765, 'IDH1E2', 1718, '2', 'A'),
('V2L9TZEG', 1101172573, 'KUG1C3', 2021, '1', 'B'),
('V2UD0AVB', 1101177777, 'IDH1A3', 1819, '2', 'E'),
('V4A5DX8T', 1101172573, 'EBH0C4', 1718, '2', 'C'),
('V4FD92KQ', 1201167347, 'CDG4H3', 1819, '1', 'D'),
('V4O16SVC', 1301172012, 'HUG1H2', 2122, '1', 'BC'),
('V54UZCL6', 1201167347, 'CDG4I3', 1718, '1', 'BC'),
('V5K7103N', 1201173625, 'FUG1A3', 2122, '2', 'BC'),
('V5RC0JM2', 1101174213, 'IDH1B3', 2122, '1', 'A'),
('V5SKT092', 1301176622, 'CSH2D3', 2122, '1', 'C'),
('V61AODHQ', 1201172304, 'CIG4B3', 1718, '1', 'A'),
('V6CX4MUZ', 1301172001, 'CSG2D3', 1819, '2', 'C'),
('V6J0VX4P', 1101171335, 'IDH1A3', 1718, '2', 'C'),
('V6U8DL27', 1201175163, 'CIG4B3', 1718, '1', 'B'),
('V7CEQIOK', 1301172001, 'CNG4M3', 2122, '2', 'D'),
('V7DJ0Y9A', 1101174213, 'BAH1F4', 1819, '2', 'D'),
('V7GBG2XS', 1301171351, 'CIG4I3', 1718, '1', 'C'),
('V851O2GA', 1201175163, 'CIG4K3', 1718, '1', 'B'),
('V8FT2Y67', 1201179684, 'CIG4B3', 1718, '2', 'AB'),
('V8MTWZ8A', 1101175673, 'BAH1E3', 1718, '1', 'C'),
('V996EO0Y', 1201161246, 'CIG4L3', 1718, '1', 'E'),
('VACPTNJK', 1301176622, 'CSG2D3', 1819, '2', 'AB'),
('VASF0TCQ', 1201179999, 'CIG4K3', 2021, '1', 'D'),
('VAVHJHKR', 1301172012, 'CSG3D3', 2122, '2', 'B'),
('VBF3VNFU', 1101175312, 'HUG1H2', 1819, '1', 'B'),
('VBG9LR7I', 1101161244, 'BAH1F4', 2122, '1', 'AB'),
('VBM11DW1', 1201167347, 'BUG1E2', 1819, '1', 'D'),
('VC2VPIVY', 1301175234, 'CSG3L3', 1718, '1', 'C'),
('VD4UKOKA', 1301161312, 'HUG1H2', 1819, '1', 'BC'),
('VD7D1JIO', 1101175312, 'CDG4I3', 1718, '2', 'A'),
('VDRGHIR1', 1301176622, 'CDG4K3', 1819, '2', 'E'),
('VE8AB6TL', 1301161312, 'CNG4K3', 2021, '2', 'E'),
('VEKHDZE0', 1301174111, 'CDG4K3', 1819, '2', 'C'),
('VGMG45PV', 1201170987, 'MUG1A4', 1819, '2', 'E'),
('VHKWINZO', 1201165162, 'CIG4K3', 2021, '1', 'C'),
('VHXNM9MN', 1301171351, 'CSG2A3', 1819, '1', 'E'),
('VIL2NPY1', 1301176622, 'CDG4K3', 1718, '1', 'A'),
('VK3G2LNT', 1301177773, 'CSH2D3', 2021, '1', 'D'),
('VKHAWUTD', 1101175457, 'FUG1A3', 1718, '1', 'D'),
('VKX5VGWH', 1201170987, 'CIG4L3', 2122, '1', 'A'),
('VL384W0F', 1101177126, 'IKG403', 1819, '2', 'AB'),
('VLBJG4II', 1301178673, 'CSG3A3', 2021, '1', 'E'),
('VLBNWX6H', 1101176236, 'BAH1B3', 2021, '1', 'AB'),
('VMCVC8KK', 1301174440, 'CSG3L3', 1718, '1', 'BC'),
('VMEUUVAJ', 1301176622, 'CIG4I3', 1718, '1', 'C'),
('VN2CTTZ5', 1101176236, 'BAH1E3', 1718, '2', 'BC'),
('VN3NNY0L', 1301161312, 'CSG3A3', 2122, '1', 'E'),
('VNWF8Y6O', 1301175234, 'CNG4N3', 2021, '2', 'D'),
('VO4UKXQA', 1201170987, 'KUG1C3', 2122, '2', 'AB'),
('VO9ZGELN', 1201161557, 'CDG4G3', 1819, '2', 'E'),
('VOFHVF67', 1101174213, 'IDH1B3', 2021, '1', 'AB'),
('VOMFMSS7', 1301174111, 'MUG1A4', 1718, '2', 'AB'),
('VOTBT58Z', 1201173625, 'CIG4G3', 2122, '1', 'BC'),
('VP0J7ILL', 1301177773, 'MUG1A4', 1819, '1', 'E'),
('VP5Q7F53', 1201179684, 'CIG4K3', 2122, '1', 'C'),
('VP5YR83L', 1101175312, 'IDH1C3', 1819, '2', 'C'),
('VPW2PPAL', 1201175163, 'CDG4M3', 2122, '1', 'C'),
('VQF8FD3P', 1101171234, 'IDH1D2', 1718, '2', 'B'),
('VQH6E7IJ', 1301174440, 'CNG4N3', 1718, '2', 'BC'),
('VRRXHZ3F', 1101178765, 'MUG1A4', 1718, '2', 'A'),
('VS25U93L', 1301173122, 'CNG4K3', 2021, '2', 'C'),
('VS4AWG2N', 1301175246, 'CDG4K3', 1819, '2', 'D'),
('VS9BMHI4', 1201165162, 'BUG1E2', 2122, '1', 'AB'),
('VT6PEBBM', 1201173625, 'CIG4L3', 2021, '1', 'B'),
('VVMXYBE4', 1201174125, 'CIG4C3', 1718, '2', 'C'),
('VVNNRA2N', 1201171234, 'HUG1H2', 2021, '2', 'C'),
('VW7M11FW', 1201174567, 'CIG4F3', 1718, '2', 'BC'),
('VWWFZ62G', 1301177773, 'BUG1E2', 1819, '2', 'AB'),
('VXDMDLQQ', 1101178651, 'IDH1E2', 1718, '2', 'D'),
('VXR991VX', 1101178765, 'BAH1G3', 2122, '2', 'D'),
('VYGHZ4WI', 1301175234, 'CNG4K3', 2122, '2', 'A'),
('VZTJ09PR', 1201166235, 'CNG4P3', 1718, '2', 'C'),
('W0MR4TF1', 1201167347, 'CIG4K3', 1819, '2', 'E'),
('W17JFXBC', 1101171234, 'IDH1B3', 2122, '1', 'A'),
('W1BQ11SS', 1201165162, 'CIG4E3', 2021, '2', 'AB'),
('W1EVV70C', 1301177773, 'CSG3A3', 2021, '2', 'BC'),
('W2DOKMYD', 1201164213, 'CDG4M3', 1819, '2', 'A'),
('W2JMSURS', 1201166235, 'KUG1C3', 1718, '1', 'A'),
('W2WDLRV4', 1301175246, 'CNG4M3', 2021, '1', 'A'),
('W3RC7KFE', 1201173154, 'CIG4G3', 2122, '2', 'D'),
('W3ZF2K4Y', 1201173154, 'CIG4B3', 2021, '1', 'B'),
('W4RDM6OV', 1201174567, 'CDG4I3', 1819, '1', 'B'),
('W5DQRQBR', 1201161246, 'CDG4G3', 1718, '2', 'B'),
('W5FW0885', 1301161312, 'CSH2D3', 2021, '1', 'E'),
('W5G0E586', 1201174567, 'CNG4P3', 1819, '2', 'B'),
('W5R6770N', 1301178673, 'CIG4L3', 1718, '1', 'D'),
('W6GLIZYM', 1101171335, 'IDH1A3', 1718, '2', 'B'),
('W6UV2JBJ', 1201179999, 'BUG1A2', 2021, '1', 'E'),
('W7NWLBHG', 1301174214, 'CSG3G3', 1718, '1', 'E'),
('W7U2RS7R', 1101172573, 'BAH1B3', 1718, '1', 'BC'),
('W8GA7FQL', 1301177773, 'KUG1C3', 2021, '2', 'BC'),
('W9HE3SQB', 1301176622, 'MUG1A4', 2021, '1', 'E'),
('W9XUXFO5', 1201161246, 'CIG4B3', 2021, '1', 'AB'),
('WA4LN0VI', 1101176236, 'IKG403', 2021, '2', 'C'),
('WBIVXDND', 1101170987, 'IDH1E2', 1718, '1', 'A'),
('WC60ZMZV', 1301171111, 'MUG1B4', 1819, '1', 'B'),
('WCB92EGR', 1201171674, 'MUG1A4', 2021, '1', 'A'),
('WCIHNQKE', 1101161244, 'IDH1A3', 1819, '2', 'D'),
('WDLFKM45', 1301172012, 'CSG3L3', 2122, '1', 'C'),
('WFKZ8DF0', 1201173154, 'HUG1H2', 2122, '2', 'BC'),
('WFO89K6Q', 1101179413, 'COH1D3', 2122, '1', 'D'),
('WG0ZSPYE', 1201171234, 'CIG4B3', 1819, '1', 'BC'),
('WG5YETT4', 1301178673, 'KUG1C3', 1920, '2', 'AB'),
('WH6BG21W', 1201172304, 'KUG1C3', 1718, '2', 'B'),
('WHVUA1GO', 1101175673, 'BUG1A2', 2122, '1', 'A'),
('WIYE81YE', 1201173625, 'KUG1C3', 1718, '1', 'C'),
('WIZRKTQX', 1101177126, 'BUG1A2', 2122, '1', 'E'),
('WJDNGC1N', 1101179413, 'BAH1B3', 1718, '1', 'E'),
('WJSLX2TM', 1301171111, 'CSG3G3', 1718, '1', 'A'),
('WKFOC3MY', 1201171674, 'CIG4B3', 2122, '1', 'B'),
('WKQIAASG', 1301174111, 'CSG2F3', 1718, '1', 'B'),
('WLON503K', 1201173625, 'BUG1A2', 1819, '2', 'C'),
('WLQM4T6G', 1101171234, 'IDH1E2', 2021, '1', 'BC'),
('WMMV80AW', 1301172001, 'CSG2F3', 1819, '1', 'AB'),
('WN2FKN1W', 1101171335, 'BAH1E3', 2021, '1', 'D'),
('WNHL1PJQ', 1301174440, 'CIG4L3', 1718, '2', 'C'),
('WNLRXQJS', 1201170987, 'CIG4K3', 2021, '1', 'A'),
('WNVHFBBB', 1301171111, 'CSG3B3', 2122, '2', 'E'),
('WOK2Q2DB', 1201161557, 'CIG4B3', 2021, '1', 'C'),
('WPDHEBC1', 1201164213, 'HUG1H2', 2122, '1', 'B'),
('WPI880GA', 1201175163, 'MUG1A4', 1718, '1', 'E'),
('WQQYHBQO', 1301179593, 'MUG1B4', 1718, '1', 'E'),
('WQWBXU3G', 1101176236, 'CDG4I3', 2122, '2', 'C'),
('WR09WLWD', 1201166235, 'CDG4H3', 2021, '2', 'B'),
('WR6SCAXK', 1201174125, 'CIG4C3', 1819, '2', 'BC'),
('WS2ZOV3H', 1101179413, 'MUG1A4', 1718, '1', 'A'),
('WSK196IJ', 1101179413, 'IDH1E2', 1819, '1', 'AB'),
('WSOBV5UY', 1301175234, 'CSG2A3', 2021, '1', 'E'),
('WSTAN0JJ', 1201173154, 'CDG4I3', 1819, '1', 'BC'),
('WTFYCTVN', 1101176236, 'BAH1G3', 2122, '2', 'A'),
('WTHSY044', 1201174125, 'CIG4L3', 2021, '2', 'E'),
('WU9FG4HH', 1101174125, 'FUG1A3', 2021, '1', 'BC'),
('WV0Q8I2L', 1101174125, 'IDH1C3', 1718, '2', 'B'),
('WVY6E78D', 1301175234, 'HUG1H2', 1718, '1', 'C'),
('WXMADRUS', 1301174214, 'CDG4E3', 2021, '2', 'A'),
('WY4SOQLH', 1201172304, 'CIG4B3', 1819, '2', 'B'),
('WYD4R83T', 1201167347, 'KUG1C3', 2021, '2', 'A'),
('WZ23M0DH', 1201170987, 'CDG4I3', 1819, '1', 'AB'),
('X0LQ9J1T', 1101175312, 'BAH1B3', 1819, '1', 'A'),
('X0X0XQ68', 1101172573, 'EBH0C4', 1819, '2', 'A'),
('X145NM9P', 1201173154, 'CDG4M3', 2122, '2', 'D'),
('X14LV1NC', 1101175723, 'IDH1C3', 1718, '2', 'B'),
('X1AWZV8L', 1101179413, 'BAH1E3', 1718, '1', 'A'),
('X1G9A0IX', 1101175723, 'BUG1A2', 2122, '1', 'A'),
('X1LH77Y7', 1101175457, 'IDH1D2', 2122, '1', 'E'),
('X1MHRKE0', 1201164213, 'BUG1A2', 2021, '2', 'A'),
('X23VYD0M', 1301171351, 'CNG4M3', 2122, '2', 'B'),
('X2938N1N', 1301176622, 'CNG4K3', 1819, '2', 'B'),
('X2DV4RSI', 1301175234, 'CSG3D3', 2021, '1', 'D'),
('X46K7E7K', 1201165162, 'CIG4F3', 1819, '2', 'B'),
('X4VRFA30', 1201179684, 'CIG4I3', 1819, '1', 'A'),
('X4WBBLXI', 1301175234, 'CDG4K3', 2122, '1', 'AB'),
('X5LMU1VA', 1101176236, 'BAH1A3', 1819, '2', 'D'),
('X62VMIB3', 1201170987, 'CDG4G3', 2021, '2', 'B'),
('X6YMV2U7', 1201179999, 'CIG4B3', 2122, '2', 'C'),
('X6YYZIEX', 1101175457, 'IDH1A3', 1718, '2', 'A'),
('X86RNAPP', 1301176622, 'MUG1B4', 1718, '2', 'D'),
('X91HOH8W', 1101179413, 'BAH1B3', 1819, '1', 'E'),
('X9JUVJDV', 1201171674, 'CIG4L3', 1819, '1', 'BC'),
('X9RPYAOS', 1301171351, 'CSG3E3', 1718, '1', 'D'),
('X9YV2TZP', 1201161246, 'CDG4G3', 2122, '2', 'B'),
('XA8URCH9', 1101177777, 'CDG4H3', 1718, '2', 'A'),
('XABN29DU', 1301174111, 'CIG4I3', 2122, '1', 'D'),
('XACMDEMU', 1301174214, 'CIG4L3', 1718, '2', 'D'),
('XAE9FN4O', 1201172304, 'CNG4P3', 1718, '2', 'A'),
('XAEDP4EE', 1201179999, 'CDG4M3', 2122, '1', 'C'),
('XAXW6LTR', 1301161312, 'CSG2D3', 1819, '2', 'B'),
('XBZGWXSL', 1101174125, 'CDG4H3', 1819, '2', 'E'),
('XCZJHXBX', 1201161557, 'CDG4G3', 2122, '2', 'D'),
('XDYZ1BIP', 1301171351, 'CIG4L3', 2122, '1', 'A'),
('XF93HWUV', 1201173625, 'MUG1A4', 1819, '1', 'B'),
('XFBC1O5W', 1101177777, 'FUG1A3', 1718, '2', 'D'),
('XFU2ZRRK', 1201171674, 'CIG4L3', 1718, '2', 'D'),
('XG1OYQFA', 1201171674, 'CIG4K3', 1819, '1', 'B'),
('XGZE2M1T', 1301174214, 'CSG2F3', 2122, '2', 'E'),
('XHLU3YG1', 1301175234, 'CDG4E3', 1819, '1', 'C'),
('XHTVQX6U', 1201174125, 'CIG4F3', 1819, '2', 'AB'),
('XI4V1YWF', 1101161244, 'HUG1H2', 1718, '2', 'E'),
('XIJB94F4', 1201174125, 'HUG1H2', 1819, '1', 'B'),
('XJDAUJVQ', 1301175246, 'HUG1H2', 1819, '2', 'A'),
('XK0MRA3R', 1101177777, 'BUG1A2', 2021, '2', 'AB'),
('XKG2CDR8', 1101170987, 'BAH1G3', 1819, '2', 'A'),
('XKZVESTW', 1201172304, 'CIG4F3', 2122, '1', 'D'),
('XL6RL1M2', 1101170987, 'IDH1A3', 1718, '1', 'D'),
('XM9LAMA3', 1301171245, 'CSG3B3', 1718, '1', 'D'),
('XN0WG4US', 1101161244, 'MUG1B4', 1819, '1', 'A'),
('XN3SPUZ5', 1201164213, 'CDG4I3', 1718, '1', 'E'),
('XOUU84IN', 1201179999, 'CIG4I3', 1718, '1', 'A'),
('XPJDB371', 1101174213, 'FUG1A3', 1718, '2', 'AB'),
('XQ3GDQB6', 1201166235, 'CIG4C3', 1718, '2', 'AB'),
('XQIMUAZR', 1301178673, 'HUG1H2', 2122, '2', 'D'),
('XTWCXHWB', 1301174111, 'CDG4K3', 2021, '1', 'B'),
('XU3Z97KI', 1301178673, 'CSG3D3', 1718, '2', 'AB'),
('XUQU6V8W', 1101174125, 'IDH1E2', 1718, '2', 'E'),
('XVYRX2O1', 1301176622, 'KUG1C3', 2122, '2', 'A'),
('XW77PTO2', 1301171111, 'CIG4L3', 1819, '2', 'E'),
('XWJ6T45F', 1101170987, 'BAH1G3', 1718, '1', 'A'),
('XZC9C9XK', 1101177777, 'BUG1A2', 2122, '1', 'AB'),
('XZKTYXUT', 1101178651, 'HUG1H2', 2021, '1', 'A'),
('XZN3H2IQ', 1101170987, 'BAH1G3', 2122, '1', 'D'),
('XZSX1W5C', 1101178765, 'CDG4H3', 2021, '2', 'C'),
('Y0I9M5HO', 1301174214, 'BUG1E2', 2021, '1', 'BC'),
('Y114VVLK', 1101170987, 'IDH1B3', 1718, '1', 'C'),
('Y1GIGYB2', 1101176236, 'IDH1B3', 2122, '2', 'A'),
('Y1KQOO1S', 1101174125, 'CDG4I3', 2122, '1', 'B'),
('Y23S9Q4J', 1201171674, 'FUG1A3', 1718, '1', 'B'),
('Y27UWZ3B', 1201174125, 'MUG1B4', 1718, '1', 'BC'),
('Y2KGJ0DJ', 1301171351, 'CSG3L3', 1718, '1', 'E'),
('Y3S5QJFU', 1301172001, 'HUG1H2', 2122, '1', 'E'),
('Y3Z0KZSF', 1201172304, 'CDG4I3', 1718, '1', 'BC'),
('Y4T4JKGG', 1301161312, 'CSG3A3', 1718, '2', 'E'),
('Y4Z2Z3NP', 1301171111, 'CSG3F3', 1819, '2', 'C'),
('Y68BRUEK', 1301179593, 'CDG4H3', 2021, '1', 'A'),
('Y695FVDW', 1201179999, 'MUG1B4', 2021, '1', 'B'),
('Y6A9UB3O', 1101175723, 'IDH1A3', 2021, '1', 'BC'),
('Y6JGPV36', 1301171245, 'CSG3A3', 1819, '2', 'B'),
('Y6P20YPW', 1201164213, 'KUG1C3', 2021, '1', 'AB'),
('Y79SQ3U1', 1201173154, 'CDG4I3', 2122, '1', 'D'),
('Y7A3F3UU', 1201164213, 'CNG4P3', 2122, '1', 'C'),
('Y7AF3ZA7', 1301171245, 'CSG3F3', 1718, '2', 'B'),
('Y7GOQW2T', 1301175234, 'CSG2A3', 1718, '1', 'C'),
('Y81SU4DA', 1201179684, 'CIG4K3', 1819, '2', 'AB'),
('Y8EWAFTH', 1201166235, 'MUG1A4', 2122, '1', 'BC'),
('Y8SOG1DL', 1201173154, 'CIG4E3', 1819, '1', 'A'),
('Y8UKB23J', 1101161244, 'IKG403', 1718, '2', 'C'),
('Y8Y6E8I4', 1101175312, 'BAH1A3', 2021, '2', 'A'),
('Y96Z88LC', 1301171351, 'CSG2F3', 2021, '2', 'C'),
('Y9MQG72A', 1201171674, 'CNG4P3', 2122, '1', 'E'),
('YA807VSV', 1301172012, 'CNG4K3', 1819, '2', 'D'),
('YAFWS2Q3', 1101175312, 'IKG403', 2021, '2', 'C'),
('YAGOOMMU', 1101174213, 'HUG1H2', 1718, '1', 'B'),
('YAUV71DY', 1301173122, 'CIG4I3', 2021, '2', 'E'),
('YBAORTOF', 1201167347, 'CDG4M3', 2021, '1', 'E'),
('YBGUZG4B', 1201174125, 'CIG4I3', 1819, '2', 'BC'),
('YBM8PYOA', 1201174567, 'CIG4F3', 1718, '2', 'B'),
('YC7QGOCU', 1101178765, 'BAH1H2', 1718, '1', 'E'),
('YCCBIATR', 1201170987, 'KUG1C3', 1718, '2', 'AB'),
('YCEQ9RCH', 1201172304, 'MUG1A4', 1819, '2', 'A'),
('YCMVK1AH', 1301172012, 'CSG3F3', 2122, '1', 'BC'),
('YCS29TQF', 1101178765, 'BUG1E2', 2122, '2', 'BC'),
('YD0V0IE3', 1301174214, 'MUG1A4', 1718, '2', 'B'),
('YD2X025M', 1101171335, 'EBH0C4', 1819, '1', 'BC'),
('YD4SGZ1D', 1201170987, 'HUG1H2', 1718, '1', 'E'),
('YD8PN9ES', 1201173154, 'CIG4C3', 1718, '2', 'E'),
('YDOF5T1K', 1301175246, 'MUG1A4', 1819, '1', 'E'),
('YDYWR1ID', 1301178673, 'CSG2F3', 1718, '1', 'B'),
('YF8AKU5G', 1301172012, 'BUG1E2', 1718, '2', 'A'),
('YG06RRCT', 1301173122, 'MUG1A4', 2122, '2', 'C'),
('YG0LUUEW', 1301179593, 'BUG1A2', 1819, '1', 'A'),
('YG3M8K1N', 1201167347, 'CIG4F3', 1718, '2', 'E'),
('YG46607E', 1201161246, 'HUG1H2', 2122, '2', 'D'),
('YGYP80D6', 1101179413, 'CDG4H3', 1819, '2', 'A'),
('YH528MD5', 1301171351, 'CDG4K3', 2021, '1', 'A'),
('YH606HKJ', 1301179593, 'KUG1C3', 1718, '2', 'AB'),
('YHDSWIWA', 1201166235, 'CDG4G3', 1819, '2', 'AB'),
('YHK9N1R8', 1101177126, 'HUG1H2', 1819, '1', 'B'),
('YHNH4NTA', 1201167347, 'CIG4C3', 2122, '2', 'A'),
('YINXZ6M2', 1101172573, 'HUG1H2', 1819, '1', 'BC'),
('YIWIN78E', 1101171335, 'EBH0C4', 1718, '1', 'C'),
('YJZ41HEF', 1301178673, 'CSG2D3', 1819, '2', 'D'),
('YK7BS5AH', 1301172012, 'CSG3F3', 1718, '1', 'AB'),
('YKCKJWVT', 1301176622, 'MUG1B4', 1819, '2', 'E'),
('YLB8RB3V', 1301177773, 'CNG4N3', 1718, '2', 'C'),
('YLFEX58A', 1201170987, 'CIG4K3', 2122, '2', 'B'),
('YLM1T8E8', 1101179413, 'HUG1H2', 2122, '2', 'C'),
('YM2HK0KO', 1101176236, 'KUG1C3', 2021, '2', 'BC'),
('YMDMASX5', 1301174440, 'CDG4E3', 2122, '2', 'E'),
('YMS1Z5J8', 1201172304, 'CDG4M3', 1718, '2', 'AB'),
('YO0ZLBQP', 1101175673, 'MUG1B4', 2021, '2', 'BC'),
('YOWV4L3C', 1201172304, 'MUG1A4', 1819, '1', 'C'),
('YPOPKGPX', 1101174125, 'IDH1E2', 1819, '2', 'AB'),
('YPS3V7BL', 1301171111, 'CSG3E3', 1819, '1', 'AB'),
('YQELQM9U', 1101170987, 'CDG4I3', 2122, '1', 'B'),
('YQHBNF3T', 1101177126, 'BUG1E2', 1819, '2', 'B'),
('YTKRBZXK', 1101161244, 'BAH1A3', 2122, '2', 'B'),
('YU8E4WL4', 1301177773, 'MUG1A4', 2021, '1', 'D'),
('YV2B0BXQ', 1101176236, 'IDH1D2', 1819, '2', 'BC'),
('YV3A4JT3', 1101177126, 'IDH1B3', 1819, '2', 'B'),
('YV8YZZHW', 1201164213, 'BUG1A2', 1718, '1', 'D'),
('YVFM5XTC', 1101172573, 'BAH1A3', 2122, '2', 'E'),
('YWEXXDDP', 1101175673, 'BUG1A2', 2021, '2', 'D'),
('YXH2KKLS', 1201174567, 'CDG4G3', 2122, '2', 'A'),
('YXI8MV92', 1301172012, 'CSG3F3', 1718, '1', 'BC'),
('YXNCJKSO', 1301178673, 'CDG4E3', 1819, '2', 'D'),
('YZ4DSARH', 1201166235, 'CIG4E3', 2021, '1', 'AB'),
('YZSVNRIM', 1101170987, 'IDH1B3', 1718, '2', 'D'),
('Z05V518O', 1201161246, 'FUG1A3', 2122, '2', 'A'),
('Z181SSH9', 1301178673, 'CSG3D3', 1819, '2', 'B'),
('Z1KMBFGD', 1101171234, 'BAH1F4', 2122, '1', 'BC'),
('Z2D2VOLF', 1201179684, 'HUG1H2', 2021, '1', 'A'),
('Z3AQBXWG', 1201179999, 'CDG4M3', 2021, '1', 'A'),
('Z3I6YFF7', 1101170987, 'MUG1B4', 2122, '1', 'BC'),
('Z5JPTDHI', 1301172012, 'CSG2F3', 2021, '1', 'A'),
('Z6PV5EZO', 1201173625, 'CIG4C3', 2021, '2', 'D'),
('Z7I454PE', 1101174125, 'BAH1H2', 1819, '1', 'B'),
('Z8EF8EQC', 1201170987, 'CDG4M3', 2021, '2', 'D'),
('Z9375YEF', 1201166235, 'CIG4B3', 2122, '2', 'E'),
('Z938DMOF', 1201165162, 'CDG4I3', 2021, '2', 'E'),
('Z95CRC89', 1301174440, 'CSG3E3', 2021, '1', 'E'),
('Z9NKZKUR', 1301175246, 'MUG1B4', 1819, '2', 'A'),
('ZAGD0W7M', 1101175457, 'EBH0C4', 2122, '1', 'B'),
('ZBSN0IA6', 1101175312, 'BUG1E2', 1718, '1', 'AB'),
('ZC3J512W', 1301174440, 'KUG1C3', 1718, '2', 'BC'),
('ZCXCSYDI', 1101177777, 'IDH1C3', 1819, '1', 'BC'),
('ZD85LLMG', 1301171111, 'CSG2D3', 2021, '1', 'BC'),
('ZD94DS2U', 1201175163, 'CIG4F3', 1718, '1', 'C'),
('ZDIEUM9D', 1101175673, 'CDG4I3', 2021, '2', 'E'),
('ZEVB1LR6', 1301174214, 'CSG3E3', 1819, '1', 'B'),
('ZFMDFP6H', 1101175723, 'IKG403', 1718, '2', 'A'),
('ZFXNRUPN', 1301174214, 'MUG1A4', 1718, '1', 'BC'),
('ZGF3F3NT', 1201167347, 'BUG1A2', 1819, '1', 'D'),
('ZH7DTKLZ', 1301172012, 'MUG1B4', 2122, '1', 'D'),
('ZHYSFQFM', 1201179684, 'FUG1A3', 2021, '1', 'D'),
('ZIRMZN7S', 1101174125, 'MUG1B4', 1819, '1', 'A'),
('ZJF5X880', 1301174440, 'CDG4E3', 2021, '2', 'D'),
('ZJM9HPDE', 1101176236, 'IDH1E2', 1718, '1', 'BC'),
('ZL7ALPSC', 1301176622, 'CDG4E3', 1718, '1', 'AB'),
('ZM67UV4S', 1101174125, 'MUG1A4', 1718, '1', 'C'),
('ZN3X1EQ5', 1101175673, 'BAH1B3', 2021, '1', 'BC'),
('ZN5KSSGY', 1101177126, 'MUG1A4', 2021, '2', 'B'),
('ZNQQ4NIQ', 1301174111, 'CDG4K3', 1718, '1', 'AB'),
('ZO10D5YH', 1201174567, 'CDG4G3', 2021, '2', 'D'),
('ZO2XADGB', 1201175163, 'CDG4H3', 2021, '1', 'D'),
('ZP0H1L5Y', 1201179999, 'CIG4C3', 1718, '1', 'A'),
('ZQ7NLRS5', 1201173625, 'MUG1A4', 2021, '2', 'C'),
('ZQAM846F', 1201161557, 'CDG4H3', 2021, '1', 'D'),
('ZQZY9ULT', 1101175723, 'IDH1A3', 1819, '2', 'D'),
('ZT8SB48R', 1301179593, 'MUG1B4', 2122, '2', 'BC'),
('ZTRB5YWO', 1101175723, 'BAH1B3', 2021, '2', 'A'),
('ZTWOVREK', 1101161244, 'IDH1C3', 2021, '2', 'BC'),
('ZUB61H3Z', 1101172573, 'HUG1H2', 2122, '1', 'E'),
('ZUBW27VT', 1201165162, 'MUG1B4', 1819, '2', 'E'),
('ZUBWQHMF', 1101172573, 'IDH1D2', 1718, '2', 'AB'),
('ZUF41HG4', 1301175234, 'CSG3D3', 2122, '2', 'A'),
('ZUGEEUCR', 1101171335, 'MUG1A4', 2122, '2', 'A'),
('ZV7VJA4Y', 1101174125, 'MUG1B4', 2021, '2', 'AB'),
('ZVO0B08U', 1301161312, 'CNG4N3', 1819, '1', 'C'),
('ZW48GJ5P', 1301174440, 'CSG3L3', 2122, '2', 'BC'),
('ZX9B7LX3', 1201165162, 'CIG4I3', 2021, '1', 'A'),
('ZXKAOCR9', 1301177773, 'CSG3G3', 1819, '2', 'E'),
('ZXTHQRLW', 1201161557, 'HUG1H2', 2122, '2', 'D'),
('ZY49O1VV', 1101174213, 'HUG1H2', 2021, '1', 'A'),
('ZYQODSOW', 1301175246, 'CIG4I3', 2021, '1', 'AB'),
('ZZIA4ZP9', 1201165162, 'CIG4F3', 1718, '1', 'A');

--
-- Indexes for dumped tables
--

--
-- Indexes for table `mahasiswa`
--
ALTER TABLE `mahasiswa`
  ADD PRIMARY KEY (`nim`);

--
-- Indexes for table `matkul`
--
ALTER TABLE `matkul`
  ADD PRIMARY KEY (`mk_id`);

--
-- Indexes for table `mengambil`
--
ALTER TABLE `mengambil`
  ADD PRIMARY KEY (`reg_id`),
  ADD KEY `mahasiswa_fk` (`nim`),
  ADD KEY `matkul_fk` (`mk_id`);

--
-- AUTO_INCREMENT for dumped tables
--

--
-- AUTO_INCREMENT for table `mahasiswa`
--
ALTER TABLE `mahasiswa`
  MODIFY `nim` int(10) NOT NULL AUTO_INCREMENT, AUTO_INCREMENT=1301179594;

--
-- Constraints for dumped tables
--

--
-- Constraints for table `mengambil`
--
ALTER TABLE `mengambil`
  ADD CONSTRAINT `mengambil_fk1` FOREIGN KEY (`nim`) REFERENCES `mahasiswa` (`nim`) ON DELETE CASCADE ON UPDATE CASCADE,
  ADD CONSTRAINT `mengambil_fk2` FOREIGN KEY (`mk_id`) REFERENCES `matkul` (`mk_id`) ON DELETE CASCADE ON UPDATE CASCADE;
COMMIT;

/*!40101 SET CHARACTER_SET_CLIENT=@OLD_CHARACTER_SET_CLIENT */;
/*!40101 SET CHARACTER_SET_RESULTS=@OLD_CHARACTER_SET_RESULTS */;
/*!40101 SET COLLATION_CONNECTION=@OLD_COLLATION_CONNECTION */;
