1CF7ECIX,1101161244,FUG1A3,1718,2,E 
KTWZMNS8,1101161244,BUG1E2,2122,2,C 
6QRV4W41,1101161244,IDH1A3,1819,1,A 
AB49AI8U,1101161244,FUG1A3,1819,1,B 
TNCBBXXH,1101161244,BAH1E3,1718,1,D 
C51L2XDG,1101161244,BAH1H2,1718,1,C 
KSGUWQ8F,1101161244,EBH0C4,1819,2,AB
IN6DHIWC,1101161244,MUG1A4,2122,2,A 
VBG9LR7I,1101161244,BAH1F4,2122,1,AB
2JS94S8N,1101161244,BAH1H2,2122,1,D 
7YZSCO7D,1101161244,BAH1B3,1819,2,A 
P72X1U93,1101161244,BAH1E3,2021,1,A 
IZ00RE42,1101161244,BAH1H2,1718,1,AB
U71M78LZ,1101161244,IDH1A3,1718,1,AB
PTGTSE9H,1101161244,CDG4I3,2122,1,AB
DDTNYJRI,1101161244,BUG1E2,1819,1,C 
KY0E2H52,1101161244,IDH1A3,1819,1,E 
367FWVFQ,1101161244,IDH1D2,1718,2,E 
WCIHNQKE,1101161244,IDH1A3,1819,2,D 
ZTWOVREK,1101161244,IDH1C3,2021,2,BC
PSCIIG7H,1101161244,IDH1E2,1819,1,E 
XN0WG4US,1101161244,MUG1B4,1819,1,A 
7C1VBJ44,1101161244,BAH1H2,2122,2,AB
NWOJVRHM,1101161244,IKG403,1718,1,B 
2XZDT7IP,1101161244,BAH1E3,1819,1,D 
FBU9ZY85,1101161244,BAH1B3,2021,2,E 
8EQSZSJG,1101161244,IDH1C3,1718,1,A 
XI4V1YWF,1101161244,HUG1H2,1718,2,E 
GO3TFQ99,1101161244,BUG1E2,1718,1,B 
4MQ9Z5EZ,1101161244,BAH1E3,1819,2,BC
YTKRBZXK,1101161244,BAH1A3,2122,2,B 
NSPKCWXR,1101161244,IKG403,1819,2,BC
PO3L5OZS,1101161244,IDH1E2,2021,2,E 
EQXMBJR2,1101161244,MUG1B4,1819,1,AB
DF7INEEQ,1101161244,BAH1E3,2122,1,B 
1TFWAY7H,1101161244,BAH1E3,1819,2,A 
Y8UKB23J,1101161244,IKG403,1718,2,C 
42MUBKID,1101161244,MUG1B4,1819,1,E 
BWH7ZPDK,1101161244,BAH1G3,2021,1,E 
JMUMICRQ,1101161244,IDH1E2,2122,2,C 
TQYCZG1K,1101161244,IDH1A3,2021,2,A 
LYOV2UPR,1101161244,IDH1D2,1819,1,E 
KCVNR9SJ,1101161244,KUG1C3,2021,2,D 
5KBYIRA1,1101161244,IDH1A3,1718,2,AB
L6AVVFN5,1101161244,MUG1B4,1718,1,E 
56WAASRZ,1101161244,COH1D3,1718,1,D 
7DBGRD8U,1101161244,IDH1E2,2021,2,BC
7OHPFDC3,1101170987,BAH1B3,2021,1,E 
XWJ6T45F,1101170987,BAH1G3,1718,1,A 
YZSVNRIM,1101170987,IDH1B3,1718,2,D 
2M0FQ4JH,1101170987,BAH1H2,1819,1,A 
7QXH7801,1101170987,BAH1A3,2122,1,AB
32NNIVFC,1101170987,IDH1A3,1718,1,BC
I6R1UMGP,1101170987,BUG1E2,2021,2,BC
F5X3M6N3,1101170987,BAH1B3,1718,1,B 
NC8DHXH0,1101170987,KUG1C3,2021,2,D 
901VE5DG,1101170987,FUG1A3,2122,2,BC
GX7UMSWV,1101170987,BAH1E3,1718,2,D 
KHCCL6P7,1101170987,CDG4H3,2122,1,BC
PTAGXC5U,1101170987,HUG1H2,2021,1,D 
Y114VVLK,1101170987,IDH1B3,1718,1,C 
2QWY92R4,1101170987,BAH1G3,1718,2,AB
PN39VFPC,1101170987,MUG1B4,2021,1,D 
L4FV46TE,1101170987,MUG1B4,1819,1,D 
1M5U029Y,1101170987,KUG1C3,2122,1,B 
61J4K07W,1101170987,MUG1B4,1718,1,BC
BG0KJ69T,1101170987,BUG1E2,1718,2,A 
MZS0P0P5,1101170987,BAH1F4,2122,2,E 
6R6W76EX,1101170987,IDH1E2,1819,1,D 
NED35U2U,1101170987,BAH1F4,2021,1,AB
7TTYFJ55,1101170987,CDG4I3,1718,1,A 
NMIBJJIG,1101170987,FUG1A3,1718,1,A 
MN724LZF,1101170987,BUG1E2,1819,1,A 
BD6E3FX2,1101170987,BAH1E3,1819,1,A 
6836G10X,1101170987,HUG1H2,2122,2,BC
WBIVXDND,1101170987,IDH1E2,1718,1,A 
56RSW90W,1101170987,BAH1H2,2122,1,AB
4NWCM1CH,1101170987,CDG4H3,2122,1,E 
YQELQM9U,1101170987,CDG4I3,2122,1,B 
XKG2CDR8,1101170987,BAH1G3,1819,2,A 
Z3I6YFF7,1101170987,MUG1B4,2122,1,BC
HHC3EXL5,1101170987,BAH1F4,2021,2,A 
8A6H8CXT,1101170987,MUG1A4,2122,1,D 
764L37T0,1101170987,BAH1E3,1718,1,BC
6XMTSGTT,1101170987,BAH1G3,1718,2,BC
KHDIJGP9,1101170987,IDH1D2,1718,1,AB
9L4BHJ9X,1101170987,MUG1A4,1718,1,A 
FY81K3DK,1101170987,IDH1C3,2122,2,BC
XL6RL1M2,1101170987,IDH1A3,1718,1,D 
RN619PJ1,1101170987,CDG4I3,1718,1,BC
R4MSDSTW,1101170987,IDH1C3,1819,2,C 
XZN3H2IQ,1101170987,BAH1G3,2122,1,D 
D2V7J8YH,1101170987,CDG4I3,1819,2,B 
8BT4NIX0,1101170987,BAH1E3,1718,1,AB
PHKQRVHE,1101170987,KUG1C3,2122,1,A 
2K3VOTUZ,1101170987,CDG4H3,1819,2,D 
FPYH3LRS,1101170987,COH1D3,2021,2,AB
FETB8YJP,1101171234,BUG1E2,1819,2,A 
CXOAR19R,1101171234,BUG1E2,1718,1,D 
VQF8FD3P,1101171234,IDH1D2,1718,2,B 
R4Y7TQ6D,1101171234,BAH1F4,1718,2,C 
Z1KMBFGD,1101171234,BAH1F4,2122,1,BC
BNT0EUHN,1101171234,MUG1B4,1819,1,AB
QHVNGSNC,1101171234,MUG1B4,2021,2,E 
LEUEAL5V,1101171234,BAH1H2,2122,2,C 
0LK0QWPP,1101171234,IKG403,1819,1,E 
JB71TCK6,1101171234,CDG4I3,1819,2,AB
WLQM4T6G,1101171234,IDH1E2,2021,1,BC
OIB7VCDZ,1101171234,IDH1D2,2021,2,E 
S7A3JR63,1101171234,HUG1H2,1718,1,B 
1GDFVVSI,1101171234,BUG1A2,2122,1,BC
3XRY4S1H,1101171234,BAH1E3,1718,2,BC
PEMIVR3H,1101171234,MUG1A4,1718,1,B 
7HJWCRXF,1101171234,BAH1B3,2021,1,BC
OXVXP0V2,1101171234,IDH1D2,2021,2,B 
03D8VP49,1101171234,IDH1E2,2021,1,BC
F3OEFYIJ,1101171234,IDH1E2,1718,2,BC
M5INM5GM,1101171234,BUG1A2,2021,2,AB
ALJH7D1Y,1101171234,KUG1C3,1819,1,AB
TUR2O5WS,1101171234,KUG1C3,2021,2,AB
NKQJDSAZ,1101171234,BAH1F4,2122,2,BC
OLLTSHP4,1101171234,BAH1B3,1718,2,C 
W17JFXBC,1101171234,IDH1B3,2122,1,A 
BZVVHQ5R,1101171234,MUG1B4,1718,2,B 
J0ACP7IR,1101171234,BUG1A2,1718,2,BC
LU2W2IGL,1101171234,BAH1B3,1819,1,B 
EXFW7MMZ,1101171234,BAH1A3,2122,1,C 
IOHN6PS8,1101171234,IDH1B3,1819,1,D 
P3K1HNPZ,1101171234,IDH1E2,2021,1,A 
SQ8V4PJ3,1101171234,IDH1E2,2021,1,D 
TKQTLIT6,1101171234,BAH1B3,1819,1,E 
NK4AZ4V5,1101171234,BAH1E3,1819,2,AB
B4G87OD1,1101171234,BUG1A2,2021,2,AB
IPDRN152,1101171234,CDG4H3,2122,1,A 
FO4V89WH,1101171234,IDH1D2,1819,1,B 
KNO7SO9Y,1101171234,FUG1A3,1718,1,E 
5CT9JK5E,1101171234,BAH1E3,1718,2,E 
HZL5ECTV,1101171234,KUG1C3,1819,2,E 
OB5L997B,1101171234,BAH1G3,1718,2,D 
I8YUAFI3,1101171234,MUG1A4,2021,2,BC
PPWLH6T4,1101171234,IDH1C3,2122,2,E 
S0OJX0CH,1101171234,BAH1B3,2021,1,C 
42SRTYY5,1101171234,IDH1B3,1718,1,BC
FS1KWKEB,1101171234,FUG1A3,1718,1,BC
QSQZQHNS,1101171234,MUG1A4,1819,2,E 
RB3JUYOR,1101171234,BAH1B3,1718,1,A 
6Q0HX0K1,1101171234,IKG403,2021,2,B 
10GZEJIH,1101171335,BAH1H2,2021,1,E 
WN2FKN1W,1101171335,BAH1E3,2021,1,D 
O9AS5OLQ,1101171335,IDH1E2,1819,2,BC
EKNFU6O0,1101171335,BAH1H2,1718,1,B 
HZ8ZBYOI,1101171335,IDH1E2,2122,2,E 
2VXH5IGT,1101171335,COH1D3,2122,1,D 
YD2X025M,1101171335,EBH0C4,1819,1,BC
OZV45CWZ,1101171335,MUG1A4,1819,1,E 
8C8VOBU0,1101171335,HUG1H2,2122,2,A 
V1ZJ0DU5,1101171335,IDH1A3,1718,2,B 
E4QQD09P,1101171335,IDH1D2,1718,1,D 
3VLMCUM0,1101171335,BAH1A3,1819,1,BC
87I3KUEW,1101171335,MUG1A4,2021,2,B 
TBB8DWVL,1101171335,BAH1H2,2021,2,AB
E00AVGWI,1101171335,HUG1H2,2122,2,B 
CS230IYB,1101171335,IDH1D2,1718,2,B 
P8L341VT,1101171335,IDH1C3,1718,2,AB
037BZBMH,1101171335,IDH1C3,2021,2,BC
AAIM4LE2,1101171335,CDG4I3,1819,2,B 
LA112L6L,1101171335,IDH1C3,2021,2,B 
NATEL2QN,1101171335,BAH1A3,1819,1,B 
EGK1JUSB,1101171335,IKG403,1819,1,A 
GV209MHD,1101171335,BAH1A3,1819,2,B 
4SR4930P,1101171335,BAH1G3,1819,2,C 
7VYZRH5H,1101171335,IDH1A3,2122,2,BC
T5HXAMS1,1101171335,CDG4H3,2021,1,BC
R0VHSFLA,1101171335,EBH0C4,2021,2,D 
2PK2LVNL,1101171335,BAH1A3,2122,1,B 
Q54X53T8,1101171335,HUG1H2,1819,2,E 
ZUGEEUCR,1101171335,MUG1A4,2122,2,A 
9ZMIIS61,1101171335,BUG1E2,2021,1,C 
KY6C7D68,1101171335,BAH1F4,2021,2,BC
R6GFS56X,1101171335,IKG403,2122,1,B 
HWS79H5I,1101171335,IDH1D2,2021,1,E 
M22VJEC7,1101171335,BAH1G3,1718,2,D 
9CNH7QAV,1101171335,BAH1B3,2021,1,A 
YIWIN78E,1101171335,EBH0C4,1718,1,C 
2YBVA82C,1101171335,BAH1B3,1819,2,BC
2YZELKYM,1101171335,MUG1B4,2021,1,E 
4IGQSZ00,1101171335,BAH1F4,2021,2,B 
V6J0VX4P,1101171335,IDH1A3,1718,2,C 
4Y2UCQ7A,1101171335,FUG1A3,2021,1,AB
JKOJ15KN,1101171335,BAH1H2,1819,1,AB
TJOE1RVD,1101171335,COH1D3,1718,2,BC
8L9DZCRF,1101171335,BAH1E3,2122,1,AB
3KKWREJN,1101171335,CDG4H3,2122,1,B 
LGGHKR90,1101171335,IKG403,2021,2,BC
W6GLIZYM,1101171335,IDH1A3,1718,2,B 
CZW1Q4LH,1101171335,IDH1A3,2122,1,C 
3JPQVX5P,1101171335,BAH1B3,1819,1,AB
9A3ULN2R,1101172573,EBH0C4,1718,1,B 
MJQ25F6E,1101172573,BAH1F4,2021,2,E 
W7U2RS7R,1101172573,BAH1B3,1718,1,BC
59OBBSE9,1101172573,MUG1A4,2021,1,D 
B1LI5DBZ,1101172573,COH1D3,1819,2,A 
6FOGNSLX,1101172573,MUG1A4,1819,2,D 
NK4XDC8R,1101172573,IDH1D2,1819,1,BC
DMZL91P4,1101172573,BAH1E3,2122,2,E 
FR1E3YIS,1101172573,CDG4H3,1819,1,D 
655MD0DM,1101172573,HUG1H2,1819,2,B 
X0X0XQ68,1101172573,EBH0C4,1819,2,A 
24ETN0ZF,1101172573,MUG1A4,2021,1,AB
ZUB61H3Z,1101172573,HUG1H2,2122,1,E 
CL1IHVNN,1101172573,BAH1H2,1718,1,E 
JNXIDYGY,1101172573,MUG1A4,1819,2,D 
V2L9TZEG,1101172573,KUG1C3,2021,1,B 
FZWTYHVP,1101172573,MUG1B4,2021,1,A 
78YLYX1H,1101172573,KUG1C3,2122,2,B 
R0JACRBB,1101172573,IDH1D2,1819,1,B 
OML864FM,1101172573,IDH1B3,1718,1,B 
GVDR94YC,1101172573,IDH1D2,2122,2,D 
1HLF9497,1101172573,BAH1E3,2122,2,D 
BER2PEEX,1101172573,IDH1A3,1718,1,BC
YVFM5XTC,1101172573,BAH1A3,2122,2,E 
2MFDUJHX,1101172573,MUG1B4,2021,1,C 
CHJ4G6BT,1101172573,IDH1C3,2122,2,AB
MO62MM6C,1101172573,BAH1A3,1718,1,D 
RP3OYMGE,1101172573,BAH1E3,1718,1,E 
YINXZ6M2,1101172573,HUG1H2,1819,1,BC
640I5JQ2,1101172573,BAH1H2,2122,2,AB
TV9R010P,1101172573,BAH1G3,1718,1,A 
PCVFP380,1101172573,IDH1E2,1819,2,B 
BEF7TO4Q,1101172573,IDH1A3,2122,1,C 
BE5RWYHH,1101172573,IDH1C3,2122,1,C 
8B4DMYO6,1101172573,FUG1A3,2122,1,D 
S7HWKHMC,1101172573,BUG1A2,2122,1,D 
69H0ESIF,1101172573,HUG1H2,2021,1,E 
1TPW5I21,1101172573,IDH1B3,1819,2,C 
5OGO85NM,1101172573,MUG1B4,1819,1,E 
0IPVGHF4,1101172573,IKG403,2021,2,E 
13VXRQDQ,1101172573,IKG403,1819,2,C 
2ZM3J1BK,1101172573,MUG1A4,1819,1,D 
EQ16A7DA,1101172573,KUG1C3,1718,2,C 
V4A5DX8T,1101172573,EBH0C4,1718,2,C 
NV4CWFKO,1101172573,BAH1G3,1718,1,B 
L0WJTUD8,1101172573,HUG1H2,1819,1,BC
HFR0QJ33,1101172573,BUG1E2,2021,2,AB
ZUBWQHMF,1101172573,IDH1D2,1718,2,AB
02QY78X8,1101172573,BAH1A3,2021,2,D 
GMVKL4RB,1101172573,CDG4I3,1819,1,D 
1BX7GIDE,1101174125,IDH1C3,1819,1,B 
1ANBEX8D,1101174125,IDH1B3,2021,1,A 
NQS0EPAJ,1101174125,BUG1A2,2021,2,E 
RSTDYTS4,1101174125,COH1D3,2021,2,B 
C94OTO9S,1101174125,IKG403,2021,2,BC
ZM67UV4S,1101174125,MUG1A4,1718,1,C 
OR74L17M,1101174125,IDH1C3,2021,1,B 
BOPYY9PH,1101174125,EBH0C4,1819,2,C 
SS9E2TT8,1101174125,BUG1E2,2122,1,A 
RAB2SDY6,1101174125,CDG4H3,1819,2,E 
XBZGWXSL,1101174125,CDG4H3,1819,2,E 
CSNF8K3Z,1101174125,MUG1A4,1718,1,BC
6YPCWZZ4,1101174125,BAH1B3,1819,1,B 
78NL0F47,1101174125,IKG403,1819,1,C 
0TAXKIV4,1101174125,MUG1A4,1819,1,B 
9XCKFO9G,1101174125,IDH1A3,2122,2,C 
GL53XWK8,1101174125,BAH1H2,2122,2,BC
L4IXJHV6,1101174125,IKG403,1718,2,AB
YPOPKGPX,1101174125,IDH1E2,1819,2,AB
DUC8WPYT,1101174125,BAH1H2,1819,1,E 
8GFOJAJE,1101174125,MUG1B4,2122,2,BC
JCMP97U2,1101174125,IKG403,1819,1,B 
CGW09U6A,1101174125,BUG1E2,1819,1,BC
6I0DTLL5,1101174125,IDH1B3,2122,2,B 
FZZDBGWX,1101174125,BAH1E3,2122,2,D 
FKGI39XF,1101174125,BAH1F4,2021,1,E 
9K5Q38TO,1101174125,IDH1E2,2021,1,A 
KFSBKGU7,1101174125,IDH1A3,2122,2,E 
0RKKIR06,1101174125,BAH1H2,2021,2,C 
T8UZOXG6,1101174125,EBH0C4,1819,2,AB
UUDJP5CG,1101174125,FUG1A3,1819,1,E 
GL36XUM9,1101174125,BAH1A3,2122,2,C 
ZIRMZN7S,1101174125,MUG1B4,1819,1,A 
T964O4AW,1101174125,CDG4I3,1718,1,C 
8VR0CLS5,1101174125,IDH1B3,2021,2,D 
ODE7X4J8,1101174125,IDH1B3,1819,2,E 
WU9FG4HH,1101174125,FUG1A3,2021,1,BC
WV0Q8I2L,1101174125,IDH1C3,1718,2,B 
LH7BDW6O,1101174125,BAH1F4,1718,2,AB
ZV7VJA4Y,1101174125,MUG1B4,2021,2,AB
Z7I454PE,1101174125,BAH1H2,1819,1,B 
OJDQVB7G,1101174125,BUG1E2,1819,2,AB
L2VQ6H59,1101174125,MUG1A4,1819,2,C 
XUQU6V8W,1101174125,IDH1E2,1718,2,E 
1B0AA8QQ,1101174125,BUG1E2,1819,1,A 
13X3TQ3Y,1101174125,IDH1B3,1718,1,A 
Y1KQOO1S,1101174125,CDG4I3,2122,1,B 
CIGKO5H2,1101174125,CDG4I3,2122,1,A 
LQZTL6GM,1101174125,BAH1A3,2122,1,AB
MFYDTBQH,1101174213,IDH1C3,1819,1,C 
125FLRIM,1101174213,MUG1A4,2021,2,E 
JH812FC6,1101174213,CDG4H3,1819,2,E 
V5RC0JM2,1101174213,IDH1B3,2122,1,A 
V7DJ0Y9A,1101174213,BAH1F4,1819,2,D 
18TW9CR4,1101174213,IDH1C3,1819,1,B 
IMJD7OUH,1101174213,BAH1F4,1718,1,E 
C1RYTOQR,1101174213,FUG1A3,1819,1,C 
PCUNN8WV,1101174213,COH1D3,2122,2,BC
I893WQ6S,1101174213,BUG1E2,2122,2,BC
OX3OAJ5G,1101174213,BAH1G3,1718,2,BC
N6G8HKQN,1101174213,IKG403,2021,1,BC
RBG7SDQJ,1101174213,MUG1B4,2021,2,B 
ZY49O1VV,1101174213,HUG1H2,2021,1,A 
58J6UCRF,1101174213,KUG1C3,2021,2,D 
HNAR2YO7,1101174213,KUG1C3,1718,2,E 
RWLUJ9AK,1101174213,BAH1F4,1819,1,B 
HTYLP51V,1101174213,BUG1E2,2122,1,BC
LUCIBU2O,1101174213,HUG1H2,1819,1,D 
UBZFD8RB,1101174213,KUG1C3,2021,2,D 
K6R2PAM6,1101174213,BAH1G3,2122,2,BC
89YBNF0L,1101174213,HUG1H2,1718,2,AB
VOFHVF67,1101174213,IDH1B3,2021,1,AB
379IJ5GI,1101174213,BAH1G3,2122,1,A 
BXASO9GK,1101174213,CDG4I3,2122,2,A 
IGJB51AP,1101174213,IDH1D2,1718,2,C 
LOTZ3KPE,1101174213,COH1D3,2021,2,AB
9U8SBEXD,1101174213,IDH1B3,2122,1,D 
2Q90EH7W,1101174213,CDG4I3,1819,1,BC
I48O65BB,1101174213,MUG1A4,1819,2,B 
6U64LRP0,1101174213,IDH1A3,2021,1,D 
H6T3AYJE,1101174213,MUG1A4,2021,1,C 
TGIP2KKD,1101174213,IDH1D2,2122,2,E 
R6R8MAIE,1101174213,IKG403,2122,1,D 
T7WQH21L,1101174213,IDH1B3,1718,1,E 
AISIYEVU,1101174213,BAH1A3,2021,1,B 
U450WVIV,1101174213,BAH1E3,2122,1,A 
K2NP9QOG,1101174213,FUG1A3,1718,1,BC
XPJDB371,1101174213,FUG1A3,1718,2,AB
O6OU1BPN,1101174213,HUG1H2,2021,1,B 
L7NSFSR7,1101174213,IKG403,2021,2,D 
YAGOOMMU,1101174213,HUG1H2,1718,1,B 
3MVJ4SS1,1101174213,BUG1A2,2021,1,E 
7ELZGY4I,1101174213,BUG1A2,1819,2,D 
NADCD6BE,1101174213,COH1D3,1718,1,C 
7MOBWSMC,1101174213,IDH1B3,1718,2,C 
U40PQGS3,1101174213,BAH1F4,2122,2,E 
PVUBH109,1101174213,MUG1B4,2021,2,AB
F8BOIJQ6,1101174213,MUG1B4,2021,1,D 
KQLSDQFO,1101174213,IDH1A3,2122,2,A 
1JEM7P1G,1101174213,BUG1A2,1718,2,C 
RKXRLA7F,1101175312,MUG1A4,1819,1,BC
VP5YR83L,1101175312,IDH1C3,1819,2,C 
N4EA4AZ8,1101175312,IDH1A3,1718,2,AB
QGJ8WOB0,1101175312,BAH1H2,2122,2,D 
H468W9UK,1101175312,IDH1A3,1718,2,BC
SG6YVQ63,1101175312,BAH1F4,2122,2,D 
P38DK0MQ,1101175312,BAH1B3,1819,2,D 
UZAF09SG,1101175312,BAH1H2,2122,1,A 
NERXB5ZO,1101175312,BAH1E3,1819,2,AB
J3SYDBMA,1101175312,CDG4I3,2021,1,AB
JPS3Q8PQ,1101175312,IDH1B3,1718,2,A 
SPN68PTT,1101175312,BAH1A3,2122,2,A 
X0LQ9J1T,1101175312,BAH1B3,1819,1,A 
ET4QIXNT,1101175312,BAH1E3,1718,1,D 
MA5KQZ0O,1101175312,IKG403,1819,2,E 
YAFWS2Q3,1101175312,IKG403,2021,2,C 
K9AN06AA,1101175312,IDH1B3,2021,1,C 
Y8Y6E8I4,1101175312,BAH1A3,2021,2,A 
C4U7UIC8,1101175312,IDH1C3,2122,2,BC
9618EFBM,1101175312,IDH1C3,1718,2,E 
DAGJX92Q,1101175312,CDG4H3,1718,2,E 
95WRA4K0,1101175312,BAH1H2,2021,2,AB
2LUYHSJB,1101175312,IDH1D2,2021,1,BC
6BN4EC6T,1101175312,IDH1E2,2122,1,A 
7L3D29GC,1101175312,BAH1E3,2122,1,A 
BE7YWU7F,1101175312,BAH1F4,1819,1,AB
VBF3VNFU,1101175312,HUG1H2,1819,1,B 
0EMWW8L7,1101175312,BAH1H2,2122,1,BC
9DUZAG73,1101175312,BUG1E2,2122,1,BC
ERWCVUPL,1101175312,MUG1A4,1718,1,C 
DIIC6C8T,1101175312,BAH1H2,1718,1,E 
GJNXWUQC,1101175312,BUG1A2,1718,1,A 
3AZSAIEO,1101175312,KUG1C3,1819,2,B 
DMYD0C8F,1101175312,COH1D3,1819,2,C 
ZBSN0IA6,1101175312,BUG1E2,1718,1,AB
FAS13KHU,1101175312,BAH1F4,1819,1,A 
BUJV57K4,1101175312,IKG403,2122,1,C 
D39UO43E,1101175312,BAH1E3,1718,1,A 
KH8UBCLU,1101175312,IDH1D2,1718,1,BC
93N90NV3,1101175312,BAH1H2,2122,2,C 
EECF2NK1,1101175312,HUG1H2,2021,2,AB
0XK7JQSK,1101175312,IDH1B3,1819,1,BC
HORWLWS8,1101175312,CDG4I3,2122,2,E 
IZVBTLE0,1101175312,CDG4I3,1718,2,AB
IFPJ2XL6,1101175312,KUG1C3,1819,2,C 
6G4O1OLT,1101175312,IDH1A3,1718,1,AB
LC1M58RS,1101175312,IKG403,1819,1,D 
VD7D1JIO,1101175312,CDG4I3,1718,2,A 
TUYEAISU,1101175312,BUG1A2,2021,1,D 
CVZF1EG3,1101175312,BAH1E3,1819,1,E 
OCZQT24J,1101175457,IDH1A3,1718,1,AB
X6YYZIEX,1101175457,IDH1A3,1718,2,A 
8P4H0GSD,1101175457,IDH1E2,2021,2,B 
UHJKJM0R,1101175457,COH1D3,2122,1,AB
6DYZT151,1101175457,BAH1G3,2122,1,D 
0PQDU343,1101175457,BUG1A2,2122,1,AB
QBHMJ9DH,1101175457,IDH1B3,2021,2,A 
UW6MSTAK,1101175457,BAH1F4,1718,2,AB
GH1WTPEG,1101175457,HUG1H2,2122,2,C 
TDRKZOT1,1101175457,IDH1E2,2021,1,AB
MQ4IFOH7,1101175457,BAH1A3,1819,1,BC
9RE64TIG,1101175457,BAH1F4,2021,1,B 
PG7MBHJB,1101175457,BAH1A3,1718,2,BC
6A2GS2RF,1101175457,CDG4I3,1718,1,C 
DF9BZ1F2,1101175457,BAH1B3,2021,1,AB
94XCKIMA,1101175457,MUG1B4,2122,2,A 
4K5TRGZE,1101175457,CDG4I3,2021,1,C 
G2LFVBPG,1101175457,BAH1E3,1718,1,BC
992ZUHQX,1101175457,IDH1E2,1718,1,C 
BFNHUH0Y,1101175457,BAH1F4,1718,2,E 
X1LH77Y7,1101175457,IDH1D2,2122,1,E 
P456Q9G8,1101175457,IKG403,2021,1,C 
PQCLPWQX,1101175457,BAH1B3,1819,1,C 
3ISL2SU9,1101175457,CDG4I3,1718,2,E 
BWR3ZHJB,1101175457,IDH1A3,2021,1,D 
K5J0LTGB,1101175457,HUG1H2,2122,1,B 
9O1EEPJB,1101175457,IDH1A3,2021,2,B 
LXNYPNE7,1101175457,IDH1C3,2021,1,B 
K653RMIH,1101175457,IDH1A3,2021,1,B 
GAAUN0LK,1101175457,IDH1A3,2122,2,E 
BQMO0P4V,1101175457,BUG1E2,1718,1,B 
NQSC3VW7,1101175457,IDH1E2,1819,2,AB
0LPPYNTX,1101175457,CDG4I3,1718,2,D 
FT7EPYYV,1101175457,IDH1B3,1819,1,BC
LDW8A0H4,1101175457,BAH1G3,1718,1,B 
BJPB3GOV,1101175457,CDG4H3,2122,1,E 
NC3BK6VY,1101175457,BAH1A3,1819,1,D 
6ZIGRZGY,1101175457,MUG1A4,2021,2,AB
260Z8Y6A,1101175457,MUG1B4,2021,1,E 
EVOP7S38,1101175457,BAH1F4,1819,2,E 
FM0M5WLP,1101175457,IDH1B3,2021,1,E 
S7BLRAMM,1101175457,BAH1G3,2021,2,BC
C0J7QYWZ,1101175457,BAH1B3,1718,2,BC
G26YRF1O,1101175457,IDH1C3,1819,2,B 
6JAF933F,1101175457,KUG1C3,2021,1,AB
VKHAWUTD,1101175457,FUG1A3,1718,1,D 
ICMGI5SR,1101175457,BAH1B3,1718,1,E 
ZAGD0W7M,1101175457,EBH0C4,2122,1,B 
GXPH9HMI,1101175457,BAH1H2,1819,2,E 
7ELGRWDV,1101175457,BUG1E2,1819,2,C 
I2QP3UFA,1101175673,BAH1G3,2021,1,BC
1TQ8XZP8,1101175673,BAH1H2,1718,2,B 
M449FMDB,1101175673,COH1D3,1718,2,BC
ZDIEUM9D,1101175673,CDG4I3,2021,2,E 
7U57GRTV,1101175673,BAH1E3,2021,2,A 
RPPQ0OVI,1101175673,BAH1E3,1819,2,C 
ZN3X1EQ5,1101175673,BAH1B3,2021,1,BC
YO0ZLBQP,1101175673,MUG1B4,2021,2,BC
UNBD3R14,1101175673,IDH1E2,1819,1,B 
KIR06XKK,1101175673,BAH1A3,2122,2,BC
SAPGSML2,1101175673,EBH0C4,1718,1,E 
E9I214KP,1101175673,COH1D3,2122,2,D 
895NMROH,1101175673,IDH1B3,2021,1,E 
V8MTWZ8A,1101175673,BAH1E3,1718,1,C 
DPGLWJ6H,1101175673,IDH1C3,1819,1,D 
BI84J9DQ,1101175673,HUG1H2,2122,2,AB
8C17268A,1101175673,FUG1A3,1819,1,C 
WHVUA1GO,1101175673,BUG1A2,2122,1,A 
AHYLX93Z,1101175673,BAH1A3,2122,1,AB
DXMETT8V,1101175673,BUG1E2,2021,2,AB
56VU8BIG,1101175673,BUG1A2,2021,1,B 
RGYOXMHJ,1101175673,FUG1A3,2122,2,B 
BT4BL128,1101175673,BAH1B3,1819,2,BC
IB3EU3RC,1101175673,BAH1F4,2021,1,C 
JAYDGWQ8,1101175673,IDH1B3,2021,1,E 
9R3RKPB0,1101175673,BUG1E2,1718,2,BC
PCC9Z7JD,1101175673,EBH0C4,1819,2,AB
DWM6IEWY,1101175673,MUG1A4,1718,1,B 
YWEXXDDP,1101175673,BUG1A2,2021,2,D 
D5C48LY2,1101175673,MUG1B4,2021,2,E 
ADYS0SMM,1101175673,IDH1C3,2122,2,B 
0VATKU04,1101175673,IDH1A3,2122,2,E 
5F3YKOCL,1101175673,IDH1E2,1819,2,B 
8X644PF2,1101175673,MUG1A4,1718,1,C 
7T5EPD7G,1101175673,CDG4I3,1718,1,B 
J27BDTES,1101175673,MUG1A4,1718,1,A 
FH92SARV,1101175673,IKG403,1819,1,D 
AMUDVSRK,1101175673,IDH1D2,2021,1,E 
QIV0YVO1,1101175673,BAH1B3,2021,2,B 
IWOSRAIO,1101175673,MUG1B4,2021,1,C 
SNYXQMK7,1101175673,BAH1F4,1819,1,BC
BKEDT4U0,1101175673,BAH1B3,2122,2,B 
KWV47O4T,1101175673,BAH1B3,1718,2,E 
2HU5W9E9,1101175673,IDH1A3,2021,2,B 
DFUI343E,1101175673,BAH1F4,1718,2,A 
8YZORLIN,1101175673,IDH1C3,2021,2,A 
CXH4PNQE,1101175673,IDH1B3,2122,1,BC
TF4J2OLB,1101175673,BAH1H2,1718,1,D 
FE9NJM7Q,1101175673,EBH0C4,2122,2,BC
2R6JYPBQ,1101175673,MUG1B4,2021,2,E 
8G382JUZ,1101175723,IDH1D2,2122,2,AB
ZQZY9ULT,1101175723,IDH1A3,1819,2,D 
NXINM4E0,1101175723,FUG1A3,2122,2,AB
00C8RHPD,1101175723,BAH1E3,2021,1,C 
DNKVVMJ5,1101175723,BAH1F4,2122,2,B 
TJY2XIQH,1101175723,CDG4I3,2021,2,A 
FM5BHYED,1101175723,KUG1C3,2021,2,E 
BDHCHWIR,1101175723,BUG1E2,1819,1,E 
AVUVKZ8B,1101175723,HUG1H2,1718,2,E 
ON3CGMCR,1101175723,IDH1E2,1819,1,C 
J42FMO6P,1101175723,BAH1E3,1718,1,BC
JGUSEHY7,1101175723,IDH1C3,1819,2,A 
BH1BY57P,1101175723,BAH1A3,1718,2,C 
O4W34C7Z,1101175723,CDG4I3,2021,1,BC
A02M3CFW,1101175723,FUG1A3,1718,2,A 
ZFMDFP6H,1101175723,IKG403,1718,2,A 
Y6A9UB3O,1101175723,IDH1A3,2021,1,BC
6N1R1CUG,1101175723,KUG1C3,2021,2,AB
J4SOOLE8,1101175723,MUG1A4,2122,2,AB
CFLTS4J8,1101175723,KUG1C3,1819,2,D 
8PF8B8F8,1101175723,CDG4H3,2021,1,BC
7NPPLX4W,1101175723,MUG1A4,2021,1,C 
UF4L7R2N,1101175723,BAH1B3,1718,2,D 
1C7PZJ6C,1101175723,IKG403,1718,1,BC
D2TM7WFL,1101175723,BUG1A2,1718,2,D 
ZTRB5YWO,1101175723,BAH1B3,2021,2,A 
KZ9M98AQ,1101175723,IKG403,2021,1,BC
X1G9A0IX,1101175723,BUG1A2,2122,1,A 
RNLSDSZ7,1101175723,EBH0C4,2021,2,C 
ATVOA1RC,1101175723,COH1D3,2122,2,D 
PSEAKTCF,1101175723,BAH1E3,1819,1,E 
2DYFPFK9,1101175723,HUG1H2,1819,1,B 
K3TSMDL2,1101175723,MUG1A4,1819,2,D 
9BLQMWP6,1101175723,FUG1A3,2122,1,D 
KEUSVIN8,1101175723,IDH1D2,2122,2,C 
KG094TS4,1101175723,MUG1B4,1819,1,BC
JWDHH8ZL,1101175723,HUG1H2,2122,2,D 
GMAIHW2F,1101175723,BAH1G3,2021,1,C 
X14LV1NC,1101175723,IDH1C3,1718,2,B 
PUIGNL8P,1101175723,IDH1D2,2021,2,AB
TRHZTIYL,1101175723,IDH1D2,1819,2,AB
OILJHF0X,1101175723,IDH1C3,1718,2,E 
OVLCYGIR,1101175723,BAH1H2,2021,2,E 
JA1X0T85,1101175723,MUG1B4,1819,1,D 
OUZ0PCWP,1101175723,BUG1A2,2021,2,AB
DT7NQD4K,1101175723,BUG1A2,1718,1,B 
3U21A51M,1101175723,EBH0C4,2021,2,C 
IZQSQBV4,1101175723,BUG1E2,2021,1,B 
KQ5WPAIL,1101175723,HUG1H2,1819,2,B 
858FJ5AG,1101175723,KUG1C3,2122,2,A 
GR3G1G4S,1101176236,HUG1H2,2122,2,C 
3NRZWD9C,1101176236,KUG1C3,1819,2,AB
7CCAHI42,1101176236,BAH1B3,1819,2,BC
LQ2E7VCM,1101176236,BAH1F4,1819,2,D 
ZJM9HPDE,1101176236,IDH1E2,1718,1,BC
VN2CTTZ5,1101176236,BAH1E3,1718,2,BC
66IH3A97,1101176236,BAH1A3,1819,1,A 
WA4LN0VI,1101176236,IKG403,2021,2,C 
KFAM194S,1101176236,IDH1B3,2021,1,E 
98P3P2J2,1101176236,BUG1E2,1819,1,AB
07HAN4TY,1101176236,BAH1H2,2122,1,C 
KONHV204,1101176236,BAH1H2,2122,2,D 
2U2NSMD7,1101176236,KUG1C3,2021,2,B 
B0I4VFR4,1101176236,BUG1E2,1718,2,A 
0BUPTU5P,1101176236,BAH1G3,1718,2,D 
VLBNWX6H,1101176236,BAH1B3,2021,1,AB
HUB595KO,1101176236,MUG1A4,1718,1,AB
4K9XWYDF,1101176236,IDH1B3,1718,2,E 
6SQUHLKI,1101176236,CDG4H3,2122,1,E 
YM2HK0KO,1101176236,KUG1C3,2021,2,BC
3BXAEV44,1101176236,CDG4H3,1819,1,AB
1GUJVI26,1101176236,CDG4H3,1718,2,D 
H6QDHM95,1101176236,BAH1E3,1819,1,E 
J2HXDCDE,1101176236,MUG1A4,1718,2,A 
9U3VBCAL,1101176236,BUG1E2,1718,1,C 
YV2B0BXQ,1101176236,IDH1D2,1819,2,BC
T69OKGGQ,1101176236,IDH1A3,2122,2,D 
B11LOG1Y,1101176236,IDH1E2,2021,1,A 
CQJAOH4F,1101176236,BUG1A2,2021,1,B 
6FPVT7FH,1101176236,EBH0C4,1718,1,BC
F0DHCZ43,1101176236,BAH1B3,1718,2,BC
OMTKLZ6R,1101176236,CDG4H3,1718,2,AB
4E8K2WBM,1101176236,KUG1C3,2021,1,D 
B4SF1V6E,1101176236,BAH1E3,2021,2,C 
WTFYCTVN,1101176236,BAH1G3,2122,2,A 
WQWBXU3G,1101176236,CDG4I3,2122,2,C 
I71P84PS,1101176236,IDH1B3,1718,1,D 
Y1GIGYB2,1101176236,IDH1B3,2122,2,A 
PPX2TIPK,1101176236,BAH1B3,2122,2,AB
SUXLA9YQ,1101176236,FUG1A3,2021,1,A 
BL643RF1,1101176236,IDH1A3,1718,1,BC
DW9LNNG7,1101176236,CDG4H3,1718,2,A 
O3VI7BXA,1101176236,IDH1B3,1718,2,D 
SR7NGDSZ,1101176236,FUG1A3,2122,2,A 
CZH52H98,1101176236,HUG1H2,2021,2,C 
K5Y6ID6E,1101176236,BUG1E2,2021,1,B 
N07HOQT9,1101176236,FUG1A3,1819,2,C 
X5LMU1VA,1101176236,BAH1A3,1819,2,D 
EKIXGLEG,1101176236,MUG1A4,1819,1,A 
4X7BM12O,1101176236,IKG403,2122,2,A 
U29QGLLW,1101177126,MUG1B4,2122,1,AB
GHI65WOS,1101177126,CDG4I3,2021,2,C 
KY185J8C,1101177126,IKG403,2021,2,B 
V0N0SRW6,1101177126,BAH1H2,2021,2,E 
D7221E32,1101177126,BAH1A3,2021,1,D 
9VQ8CILH,1101177126,IDH1E2,2122,1,E 
IP0Y93SL,1101177126,IDH1C3,1718,1,B 
374P8UDZ,1101177126,IDH1C3,1718,1,BC
VL384W0F,1101177126,IKG403,1819,2,AB
499J2A9N,1101177126,CDG4I3,2021,1,E 
PFRD087J,1101177126,IDH1A3,1718,2,D 
OR84KN4O,1101177126,HUG1H2,2021,2,A 
S1N1OMNW,1101177126,BUG1A2,1718,1,B 
YV3A4JT3,1101177126,IDH1B3,1819,2,B 
7RA2CA8X,1101177126,IDH1C3,1718,1,D 
OTUMX65Q,1101177126,IDH1A3,2021,2,B 
EU1AWI8C,1101177126,BAH1B3,1718,1,E 
25OFE6PE,1101177126,IDH1B3,1718,1,C 
8F72NCMR,1101177126,BUG1A2,1718,1,A 
20M52A82,1101177126,FUG1A3,1819,1,A 
ZN5KSSGY,1101177126,MUG1A4,2021,2,B 
S8AGV3SS,1101177126,BAH1G3,1819,1,AB
DPOR8CDC,1101177126,BAH1A3,1718,2,C 
HJH66DJ2,1101177126,KUG1C3,1819,1,E 
6WP1AFWP,1101177126,BAH1G3,2021,2,A 
9JKOCF59,1101177126,IDH1D2,1718,1,AB
H41NVR3W,1101177126,MUG1B4,2122,2,E 
J3CIKJ1P,1101177126,IDH1C3,2021,2,D 
YHK9N1R8,1101177126,HUG1H2,1819,1,B 
28SZ2ZAB,1101177126,IDH1D2,2021,2,AB
NIYCL5GP,1101177126,BAH1A3,1718,1,E 
23RGCNFZ,1101177126,BAH1B3,2021,1,E 
R40455WP,1101177126,IDH1A3,1819,1,A 
M3VW8E4U,1101177126,BAH1B3,2021,2,B 
3A5CVZE2,1101177126,BAH1H2,1819,1,B 
B4HUJK5O,1101177126,HUG1H2,1819,2,D 
32I79GGR,1101177126,BAH1G3,2021,2,E 
WIZRKTQX,1101177126,BUG1A2,2122,1,E 
87NCSDE1,1101177126,MUG1B4,2122,1,D 
072AYCGC,1101177126,MUG1A4,1718,2,AB
7H3F66UX,1101177126,HUG1H2,2122,1,AB
4OPMAWSR,1101177126,EBH0C4,1718,1,B 
OTVL7360,1101177126,BAH1E3,2021,2,D 
YQHBNF3T,1101177126,BUG1E2,1819,2,B 
CXTD0K1C,1101177126,BAH1H2,1819,2,AB
MZHEX21E,1101177126,FUG1A3,2021,1,B 
OKWEQ4FE,1101177126,BUG1E2,1718,2,D 
KDRPZTJZ,1101177126,IDH1D2,2021,2,B 
U6JNCP1D,1101177126,BAH1F4,2021,1,B 
2T8HW2C6,1101177126,BAH1A3,1718,2,B 
ZCXCSYDI,1101177777,IDH1C3,1819,1,BC
SP2X3MM3,1101177777,BAH1H2,1718,2,E 
PRT1SOC9,1101177777,IDH1B3,1718,2,D 
TTM757SS,1101177777,COH1D3,1718,1,E 
AUZW6HG5,1101177777,IDH1B3,1819,1,C 
2A4WWDJP,1101177777,MUG1A4,2021,2,E 
GF1EILOL,1101177777,BAH1G3,1819,1,E 
AXT9MFNU,1101177777,IDH1B3,1819,2,BC
6JWJWZ7I,1101177777,MUG1B4,1718,1,E 
KX8RTPNP,1101177777,BAH1B3,2021,1,C 
J600GOJY,1101177777,CDG4H3,2122,1,E 
GOWIXHTX,1101177777,EBH0C4,2021,2,C 
XK0MRA3R,1101177777,BUG1A2,2021,2,AB
HS3VM61V,1101177777,IKG403,2021,2,A 
KDZQPXOS,1101177777,BAH1F4,2021,1,A 
97CHDZUD,1101177777,BAH1A3,2021,2,E 
EL4IZA8J,1101177777,BAH1A3,1718,2,A 
DJSXUYMK,1101177777,IKG403,1819,2,A 
XA8URCH9,1101177777,CDG4H3,1718,2,A 
6HMT7VNS,1101177777,IDH1A3,2122,1,A 
8ZRBBT6J,1101177777,CDG4I3,1718,2,BC
FQMGE07L,1101177777,IDH1A3,1819,2,A 
V2UD0AVB,1101177777,IDH1A3,1819,2,E 
D4MRXPLR,1101177777,MUG1B4,1718,1,D 
5AZ5GKIE,1101177777,KUG1C3,2021,1,D 
EYOBZB5F,1101177777,MUG1A4,2021,1,E 
JA7FBK17,1101177777,MUG1B4,2021,1,B 
DP7GHOVZ,1101177777,IDH1E2,2122,1,B 
E4KDBCEL,1101177777,BUG1A2,2122,2,C 
TQ8BVULC,1101177777,CDG4I3,2122,1,C 
9GHWSGQU,1101177777,BAH1G3,2122,2,B 
J111MC7Z,1101177777,MUG1B4,1718,2,C 
DY6411DH,1101177777,IKG403,2122,1,BC
6VWULZLT,1101177777,IDH1B3,1819,1,A 
D5HAG8H8,1101177777,CDG4I3,1819,2,D 
OZ4KLN8R,1101177777,BAH1G3,2122,2,A 
TJ86XRKI,1101177777,MUG1A4,1819,2,A 
CA06T5JT,1101177777,IDH1C3,1819,2,A 
PHXR56SE,1101177777,FUG1A3,1819,2,C 
R7QB636S,1101177777,BAH1B3,2021,2,B 
XFBC1O5W,1101177777,FUG1A3,1718,2,D 
U98GILOS,1101177777,IDH1B3,1819,1,B 
QL4D0QVW,1101177777,MUG1A4,2021,1,A 
04P0AJLI,1101177777,IDH1A3,1718,1,AB
DIIO4G2A,1101177777,BAH1A3,1718,2,AB
LA667M5G,1101177777,BUG1E2,1718,2,C 
S8VV922G,1101177777,BAH1B3,1819,1,AB
TPM69FWL,1101177777,BUG1E2,2122,1,D 
XZC9C9XK,1101177777,BUG1A2,2122,1,AB
S31ZUZYO,1101177777,BUG1E2,2122,2,AB
8IHCYZJL,1101178651,CDG4I3,1819,2,B 
QC5P45BF,1101178651,CDG4I3,2021,1,D 
OVIIJ6ES,1101178651,CDG4H3,2021,1,AB
KLCFACW3,1101178651,IDH1C3,2122,2,B 
08708UX8,1101178651,KUG1C3,1718,1,D 
Q1TAEIPW,1101178651,MUG1B4,2122,1,B 
2WL8RQEC,1101178651,CDG4H3,2122,1,E 
EY1NWEKO,1101178651,BUG1A2,2122,1,E 
PCZ67LH3,1101178651,BAH1E3,1819,2,A 
8K2RMEOB,1101178651,BUG1E2,2021,2,C 
5QNO0XLJ,1101178651,KUG1C3,2122,1,C 
35VK2JLL,1101178651,MUG1A4,2021,2,C 
RFUBTTYR,1101178651,HUG1H2,1819,1,D 
OSAHYX0A,1101178651,CDG4H3,1819,2,AB
JZRG05X1,1101178651,BAH1G3,2122,2,AB
0PDCZ7AY,1101178651,IDH1C3,2122,2,B 
9Q9GTNSL,1101178651,BUG1A2,2021,1,AB
16AIXEVF,1101178651,COH1D3,1718,2,A 
FVAD1EVW,1101178651,MUG1B4,1819,2,AB
R2LEQW1R,1101178651,COH1D3,2122,2,E 
RLIHXTQ6,1101178651,CDG4H3,1819,2,E 
HGP44PEV,1101178651,FUG1A3,2122,2,E 
477E6764,1101178651,IDH1A3,1718,1,BC
5NZ1BN4F,1101178651,BAH1G3,1819,2,D 
ES0L6NSV,1101178651,HUG1H2,2021,2,AB
ED5VY01B,1101178651,HUG1H2,2021,2,A 
XZKTYXUT,1101178651,HUG1H2,2021,1,A 
PNMK3Z43,1101178651,IDH1D2,1718,1,C 
MK0MY3YQ,1101178651,BUG1A2,1718,2,BC
PL92CLFE,1101178651,IDH1D2,1819,2,AB
VXDMDLQQ,1101178651,IDH1E2,1718,2,D 
7H6TAI2O,1101178651,COH1D3,2122,1,BC
JBJOAPM4,1101178651,MUG1A4,2122,2,A 
A3ENX2RD,1101178651,KUG1C3,2122,2,B 
IHYFVS0B,1101178651,IDH1D2,1819,1,B 
4JOR6FPH,1101178651,FUG1A3,1718,2,C 
TVTAC1EG,1101178651,CDG4I3,1819,1,B 
LILKGD3F,1101178651,KUG1C3,2122,1,AB
02L3TW20,1101178651,MUG1A4,1819,2,AB
LHU1B575,1101178651,CDG4H3,1819,1,B 
N63CIQBQ,1101178651,IDH1A3,2122,2,A 
CS4MGP40,1101178651,COH1D3,1819,1,A 
PI0E4WX6,1101178651,BAH1B3,2122,2,E 
23Z4GNFP,1101178651,BUG1E2,2021,2,E 
LQ6KJ07K,1101178651,CDG4H3,2122,2,D 
040B2PT5,1101178651,IDH1D2,1819,2,AB
N3L2E3A0,1101178651,BUG1A2,2122,2,BC
J7KP0HKZ,1101178651,BAH1E3,1819,1,D 
MOB0TURZ,1101178651,CDG4H3,1819,2,E 
KQNA6VEM,1101178651,FUG1A3,1819,2,E 
J4QNBMLR,1101178765,BAH1G3,2021,1,B 
PGAMQSTT,1101178765,BAH1E3,1819,2,A 
UAYNO2M3,1101178765,MUG1B4,1819,1,BC
LWRXPA4X,1101178765,IDH1A3,1718,2,B 
28F606XA,1101178765,BAH1B3,2021,2,B 
DULMTFJ2,1101178765,MUG1A4,2021,1,B 
73P5618Q,1101178765,KUG1C3,2021,1,B 
RWBP4XBO,1101178765,BAH1B3,1819,2,BC
LMTRMW3X,1101178765,BUG1A2,1718,1,A 
NYJ3R9KG,1101178765,MUG1B4,1819,2,C 
NZZVU91B,1101178765,COH1D3,1819,1,AB
AZOD4HFQ,1101178765,CDG4H3,2122,2,B 
S6BHW1QL,1101178765,EBH0C4,2122,2,BC
A2SISE9S,1101178765,BAH1A3,1718,1,E 
M5CF7Q3M,1101178765,CDG4I3,2021,1,E 
VRRXHZ3F,1101178765,MUG1A4,1718,2,A 
S2LU8CTV,1101178765,EBH0C4,2021,2,BC
IOV2RST6,1101178765,COH1D3,1819,2,B 
0608FATC,1101178765,IDH1C3,2122,1,E 
DYVEK2EL,1101178765,CDG4I3,2021,1,BC
8M0Z2OUK,1101178765,BAH1H2,1819,1,A 
MQ6T4A5C,1101178765,HUG1H2,2021,1,A 
8V7K84AR,1101178765,BAH1B3,2122,2,E 
JJRJRPLQ,1101178765,IDH1E2,1718,2,E 
KK4E23DL,1101178765,IDH1E2,2122,1,E 
MQWYDAHC,1101178765,CDG4I3,2122,2,D 
3TFY53MD,1101178765,IKG403,2122,2,A 
MIQT7K37,1101178765,KUG1C3,1819,1,BC
FQIUG0KF,1101178765,BUG1A2,1819,1,A 
RV8SIMOJ,1101178765,MUG1B4,1718,2,A 
BPQ7JWUQ,1101178765,BAH1F4,2021,2,C 
702UNTOB,1101178765,IDH1A3,1718,2,B 
XZSX1W5C,1101178765,CDG4H3,2021,2,C 
JAHJ5349,1101178765,MUG1B4,2122,2,C 
3GRR45XS,1101178765,KUG1C3,2122,1,D 
52XQ8Z17,1101178765,BAH1G3,2021,1,D 
H64T31SP,1101178765,BAH1G3,1819,1,E 
UNYJPLVE,1101178765,BAH1G3,2122,1,D 
520GC6H2,1101178765,CDG4H3,1819,2,A 
BA189ODT,1101178765,BAH1E3,2021,2,A 
IJC98LGC,1101178765,HUG1H2,1819,1,B 
YC7QGOCU,1101178765,BAH1H2,1718,1,E 
HSUG9V5K,1101178765,BAH1H2,2021,1,A 
YCS29TQF,1101178765,BUG1E2,2122,2,BC
KFBFJVFU,1101178765,CDG4I3,2122,1,A 
VXR991VX,1101178765,BAH1G3,2122,2,D 
7G1Q47UW,1101178765,COH1D3,2021,1,C 
N1K63NDF,1101178765,EBH0C4,2021,2,A 
V2GBN7LV,1101178765,IDH1E2,1718,2,A 
NAULD5L7,1101178765,MUG1A4,2122,2,D 
Q45229LM,1101179413,MUG1B4,2122,2,C 
UO2RKI1I,1101179413,IDH1B3,1819,1,A 
UMNGUTKA,1101179413,FUG1A3,1819,1,E 
5FC3NITS,1101179413,EBH0C4,2122,2,B 
PNP8SKNW,1101179413,IDH1A3,2122,1,E 
Q3Q8E4KE,1101179413,BAH1A3,2122,2,B 
IM11REM6,1101179413,MUG1B4,2021,2,A 
T47W7R9M,1101179413,CDG4H3,1819,2,C 
4JB732ZJ,1101179413,BAH1F4,1718,2,BC
81Z1DL5B,1101179413,HUG1H2,2021,1,BC
48VBQ1AL,1101179413,IKG403,2122,2,B 
BSOXM0Z9,1101179413,EBH0C4,1819,2,D 
4DD52NLP,1101179413,IDH1A3,1718,2,BC
WS2ZOV3H,1101179413,MUG1A4,1718,1,A 
8618676D,1101179413,FUG1A3,2021,1,A 
J05KOB7I,1101179413,IDH1E2,1718,1,E 
C069HAIQ,1101179413,IDH1D2,1819,1,C 
WFO89K6Q,1101179413,COH1D3,2122,1,D 
YGYP80D6,1101179413,CDG4H3,1819,2,A 
HAVBSABU,1101179413,BAH1A3,2122,2,A 
UUXYY4A8,1101179413,IDH1B3,2021,2,A 
YLM1T8E8,1101179413,HUG1H2,2122,2,C 
4PWHMRJM,1101179413,IDH1B3,2122,2,B 
X91HOH8W,1101179413,BAH1B3,1819,1,E 
D4NOXH14,1101179413,IDH1B3,1718,2,AB
G01XNMNJ,1101179413,IDH1D2,1819,1,A 
6XHCO4HD,1101179413,MUG1A4,2122,1,E 
LKBZC2TR,1101179413,CDG4I3,2122,1,BC
MZXYVZKW,1101179413,IDH1D2,1718,1,D 
X1AWZV8L,1101179413,BAH1E3,1718,1,A 
WSK196IJ,1101179413,IDH1E2,1819,1,AB
WJDNGC1N,1101179413,BAH1B3,1718,1,E 
GKLYYYYH,1101179413,IKG403,1718,2,BC
MUOW3VNZ,1101179413,HUG1H2,2021,1,B 
LZCUS2RQ,1101179413,IDH1D2,1819,2,B 
RNCLW7QV,1101179413,IDH1B3,1718,1,BC
AWPPKKW7,1101179413,MUG1B4,2021,2,BC
4DPPRVPB,1101179413,CDG4H3,2122,2,AB
6NBQ9H5O,1101179413,BAH1B3,2122,1,D 
35HKVNVO,1101179413,CDG4H3,1718,2,B 
E3WHF7PB,1101179413,BAH1F4,1718,1,C 
DF0ONC95,1101179413,BUG1A2,1718,2,AB
8BOI69V2,1101179413,MUG1B4,2021,1,B 
0BWODLLR,1101179413,IDH1B3,2122,2,BC
SAKX9I58,1101179413,BUG1E2,2122,1,C 
7AN4RQA1,1101179413,HUG1H2,1718,2,C 
5LMU8MSF,1101179413,CDG4H3,2122,2,B 
H3QELB81,1101179413,IKG403,2021,2,A 
3I6N1L60,1101179413,BAH1H2,1819,2,B 
FQL6V1LJ,1101179413,COH1D3,2122,2,A 
A4T291SF,1201161246,KUG1C3,1819,2,A 
RFPF11W6,1201161246,CIG4L3,2021,1,D 
BVAIUXAU,1201161246,BUG1E2,1819,2,E 
OWOSAWTQ,1201161246,KUG1C3,1718,2,E 
SGDRRG2C,1201161246,KUG1C3,1718,1,C 
Z05V518O,1201161246,FUG1A3,2122,2,A 
3P4A1DZM,1201161246,CDG4I3,1819,2,C 
49NNMAE5,1201161246,CDG4H3,1718,2,E 
W9XUXFO5,1201161246,CIG4B3,2021,1,AB
38S32OYX,1201161246,MUG1A4,2021,1,D 
X9YV2TZP,1201161246,CDG4G3,2122,2,B 
R0WS2PZZ,1201161246,BUG1A2,2122,2,C 
V996EO0Y,1201161246,CIG4L3,1718,1,E 
A8G2U5UQ,1201161246,CDG4M3,2122,1,B 
K0ZMLTCD,1201161246,KUG1C3,1718,2,B 
KHC7S5DO,1201161246,CDG4G3,2021,2,B 
I2H2O1SI,1201161246,CIG4B3,1718,2,AB
JAV4M64V,1201161246,FUG1A3,1819,1,AB
GGICZNNC,1201161246,CIG4L3,2021,2,C 
66V6L3FF,1201161246,FUG1A3,1819,2,BC
42U1Y1BT,1201161246,MUG1B4,1819,1,BC
HQDK8I0O,1201161246,BUG1E2,2021,1,BC
NR1MXAY5,1201161246,BUG1E2,2122,2,A 
PF5SFW7Q,1201161246,BUG1A2,1819,1,D 
5P9ULC7O,1201161246,CIG4L3,2122,1,B 
EY4IJDEY,1201161246,HUG1H2,1819,2,D 
FHT4B2R3,1201161246,CIG4L3,1718,2,B 
DZMT5SNV,1201161246,CDG4I3,1718,1,E 
TXOSJGCK,1201161246,CDG4I3,1819,1,AB
TMI8GPVL,1201161246,CNG4P3,1718,2,C 
AHN8DCOD,1201161246,MUG1A4,1819,1,D 
8FQW0OSV,1201161246,CIG4C3,1819,1,E 
LJZWYWO8,1201161246,CIG4L3,2021,1,A 
FILZTTXX,1201161246,CIG4E3,1819,1,C 
DASYFOSQ,1201161246,CIG4I3,2021,1,A 
ILUE0PUE,1201161246,BUG1A2,2122,1,B 
4XW609XO,1201161246,CIG4F3,2122,2,A 
2O341ZTO,1201161246,CIG4B3,1718,1,BC
R2TZ64P6,1201161246,CIG4K3,2021,1,C 
0INMBKIZ,1201161246,CNG4P3,1819,2,B 
YG46607E,1201161246,HUG1H2,2122,2,D 
ME50VXZT,1201161246,CNG4P3,1819,1,BC
1FW854IA,1201161246,MUG1A4,1718,2,A 
HZFSVKMR,1201161246,BUG1A2,1819,1,E 
GDGU4XS0,1201161246,CIG4E3,1718,2,A 
5PM18ZLD,1201161246,FUG1A3,1819,2,E 
S4V6YJ33,1201161246,CIG4E3,1718,2,B 
84ZGUPSC,1201161246,BUG1A2,2122,1,E 
1NTSREYE,1201161246,CIG4F3,2122,2,A 
W5DQRQBR,1201161246,CDG4G3,1718,2,B 
OC91ZP36,1201161557,CNG4P3,2122,2,B 
JMW97MGP,1201161557,MUG1B4,2021,2,AB
6KAUF2VN,1201161557,CDG4G3,2122,1,B 
FRJ2GNLR,1201161557,CDG4G3,2122,2,E 
2H1RP1MM,1201161557,CIG4G3,1819,2,C 
UWJFSYGK,1201161557,CNG4P3,2122,2,C 
ZXTHQRLW,1201161557,HUG1H2,2122,2,D 
RVVIGA06,1201161557,CIG4B3,2122,1,AB
AEH0UYAF,1201161557,MUG1A4,1819,1,BC
7YATTQ5Q,1201161557,CDG4G3,2021,2,D 
K9DT3EBL,1201161557,BUG1A2,2021,1,C 
5FA3FEFT,1201161557,CIG4L3,1819,1,D 
6NENRQ0B,1201161557,CDG4G3,2122,1,D 
WOK2Q2DB,1201161557,CIG4B3,2021,1,C 
0E7G7GC6,1201161557,CIG4L3,1819,1,A 
D54PXG92,1201161557,BUG1A2,2021,1,BC
SQWFLR94,1201161557,CIG4K3,1819,1,C 
JC7P4J4C,1201161557,MUG1A4,2021,2,B 
C8DAG8W0,1201161557,CDG4I3,1718,2,B 
KIKVVKNQ,1201161557,CIG4B3,1819,2,A 
ORKAF70J,1201161557,CDG4I3,2122,1,B 
FD74JWC4,1201161557,CNG4P3,1718,1,C 
A1NZD8VT,1201161557,CIG4F3,2122,1,BC
465DGNI8,1201161557,CIG4I3,1718,2,B 
ZQAM846F,1201161557,CDG4H3,2021,1,D 
I44DA1QX,1201161557,CIG4C3,2122,1,A 
GQV37XNP,1201161557,CIG4I3,2021,1,B 
51FJCWC2,1201161557,CIG4B3,2021,2,AB
59F2WZ5G,1201161557,CIG4C3,1718,2,C 
4IQIDSSC,1201161557,CIG4G3,2021,2,BC
PH7Z2OAB,1201161557,CDG4I3,1819,1,BC
DURHYXCV,1201161557,CIG4G3,1819,1,BC
1CIBWYBQ,1201161557,CIG4E3,1718,2,D 
VO9ZGELN,1201161557,CDG4G3,1819,2,E 
JD35ZMAQ,1201161557,CIG4L3,1718,2,AB
9DYBIXRH,1201161557,CDG4H3,2021,2,BC
F5RBJQP0,1201161557,CIG4G3,1819,1,BC
FQENPL49,1201161557,CIG4I3,2021,1,A 
ID8V3H5P,1201161557,CDG4G3,1718,2,A 
B2CSAAI7,1201161557,CIG4F3,2122,2,B 
72ULXKD2,1201161557,CDG4H3,2122,2,BC
XCZJHXBX,1201161557,CDG4G3,2122,2,D 
JY2EZ6N7,1201161557,CDG4I3,2122,1,A 
9CARO70E,1201161557,FUG1A3,2122,2,D 
HHPX0SM8,1201161557,CIG4G3,2021,1,D 
AF71SWHN,1201161557,BUG1E2,1819,2,A 
0OJLIEHB,1201161557,CIG4L3,2021,2,D 
OXMVJVN0,1201161557,CIG4K3,1819,1,B 
LUBAHN70,1201161557,BUG1A2,2122,2,E 
M3ET8VPN,1201161557,MUG1A4,2021,1,BC
4W0AXP6D,1201164213,CIG4F3,2122,1,B 
9OIDG1ZO,1201164213,FUG1A3,1819,2,A 
2GP7VGGN,1201164213,BUG1E2,2021,1,C 
QS9O9YC3,1201164213,CNG4P3,2021,2,A 
I90X4NC6,1201164213,CIG4F3,1718,1,E 
Y7A3F3UU,1201164213,CNG4P3,2122,1,C 
EZ11GR1Y,1201164213,BUG1E2,2021,1,D 
QNTFQSDL,1201164213,CDG4M3,2021,1,A 
LP5HBBTP,1201164213,CIG4F3,1718,2,A 
DSIXFNHX,1201164213,CIG4F3,1819,1,BC
8OJK6KW0,1201164213,CDG4M3,1718,1,AB
HCGR37QG,1201164213,FUG1A3,1718,2,C 
3ZR07MTC,1201164213,HUG1H2,2122,1,BC
GMXXIESD,1201164213,CIG4E3,2122,1,A 
F6GBI3OB,1201164213,CIG4I3,1819,1,B 
2F995CVG,1201164213,HUG1H2,1819,2,AB
CC3Q5RZV,1201164213,MUG1A4,1819,2,E 
5HEUW8RD,1201164213,CIG4L3,1819,2,D 
TDL70P7A,1201164213,CIG4B3,2021,1,B 
KQ72MTHE,1201164213,CIG4K3,2021,2,C 
0RVGKBHY,1201164213,HUG1H2,1718,1,E 
GVFBZ4O3,1201164213,CIG4B3,2021,2,BC
Y6P20YPW,1201164213,KUG1C3,2021,1,AB
F3GPU7IL,1201164213,CIG4G3,1819,1,E 
A94FNL2S,1201164213,KUG1C3,1819,1,BC
5X0FJ6KP,1201164213,CDG4M3,1718,2,BC
CDEQEONC,1201164213,CIG4F3,1819,1,C 
B8AQ41EJ,1201164213,CDG4H3,1718,2,C 
M4BZ9IQM,1201164213,MUG1A4,1819,1,C 
D67D7KNI,1201164213,BUG1A2,1819,2,D 
T0NQ32HV,1201164213,MUG1B4,1718,1,B 
W2DOKMYD,1201164213,CDG4M3,1819,2,A 
TR2P5UP3,1201164213,CDG4G3,2021,2,B 
X1MHRKE0,1201164213,BUG1A2,2021,2,A 
V16DOYPU,1201164213,CIG4C3,2021,1,A 
WPDHEBC1,1201164213,HUG1H2,2122,1,B 
I3UPS8N8,1201164213,BUG1A2,2021,1,D 
KU2CQ9DM,1201164213,CIG4E3,2021,2,D 
XN3SPUZ5,1201164213,CDG4I3,1718,1,E 
BH2PRIYV,1201164213,CIG4L3,1718,2,C 
YV8YZZHW,1201164213,BUG1A2,1718,1,D 
O8235NEX,1201164213,CDG4M3,2021,1,B 
M0U1ITLY,1201164213,CDG4G3,2021,2,A 
EYNLF7QC,1201164213,CDG4I3,2021,1,BC
5HN4BPW7,1201164213,CIG4K3,2021,1,AB
FGER159X,1201164213,KUG1C3,2021,2,E 
DFD1X6NE,1201164213,KUG1C3,1718,1,B 
JKTBL6RQ,1201164213,CIG4F3,1718,2,E 
RZ7YAJV6,1201164213,CIG4K3,2021,1,BC
DWWCP36J,1201164213,CIG4B3,1819,2,BC
ZZIA4ZP9,1201165162,CIG4F3,1718,1,A 
4IV05VVI,1201165162,CIG4L3,1819,1,E 
ZX9B7LX3,1201165162,CIG4I3,2021,1,A 
TGXAJKYQ,1201165162,CIG4L3,1819,1,AB
NKLWYQW2,1201165162,CDG4I3,2021,1,BC
K841Y5AS,1201165162,CDG4G3,1819,2,D 
BOM234LN,1201165162,CDG4M3,2122,1,D 
CORXCOZT,1201165162,CIG4G3,1819,1,C 
TENVJ9UI,1201165162,MUG1B4,1718,2,BC
BH18R5EY,1201165162,CIG4K3,1718,2,B 
FE9586WS,1201165162,CDG4I3,2021,1,E 
88TJ98Z6,1201165162,CIG4G3,2021,2,A 
JKITRPIB,1201165162,HUG1H2,1718,1,BC
3E1VDN5H,1201165162,CDG4M3,2122,2,B 
J2S7O3VX,1201165162,HUG1H2,1819,1,AB
S4WKPKID,1201165162,CIG4L3,2122,2,AB
S4ZGXVG0,1201165162,KUG1C3,2021,2,B 
58B3EAPV,1201165162,BUG1A2,1819,2,B 
CM9GQ2RP,1201165162,CIG4I3,1718,1,E 
ZUBW27VT,1201165162,MUG1B4,1819,2,E 
5YDIYZTY,1201165162,CIG4K3,2122,2,B 
W1BQ11SS,1201165162,CIG4E3,2021,2,AB
PBIDLBWZ,1201165162,CIG4K3,1718,1,D 
NJQCUT88,1201165162,CIG4F3,2021,2,C 
MS8Q6G7N,1201165162,CNG4P3,2021,2,D 
2LUY0BY8,1201165162,CIG4E3,2021,1,C 
CSH0ZSH3,1201165162,CIG4K3,1718,1,BC
BN5OIREC,1201165162,CIG4C3,1718,2,D 
3DDI3BVI,1201165162,HUG1H2,2021,2,D 
E4KAR89M,1201165162,CNG4P3,2021,1,BC
VS9BMHI4,1201165162,BUG1E2,2122,1,AB
LEPTLSFL,1201165162,CIG4L3,1819,1,C 
GS5X7PEA,1201165162,HUG1H2,1819,2,AB
79V4HHMD,1201165162,CIG4B3,1718,2,A 
OT3ZRCZV,1201165162,CIG4B3,1819,2,C 
5J7YWC6W,1201165162,MUG1B4,2122,2,B 
Z938DMOF,1201165162,CDG4I3,2021,2,E 
O9DNVNWD,1201165162,CDG4M3,1718,2,A 
2ME2YP3D,1201165162,KUG1C3,2122,2,BC
2J1XRPO5,1201165162,CIG4E3,1718,2,B 
C9FION9C,1201165162,CIG4C3,2122,1,BC
EYLS9M9R,1201165162,HUG1H2,1718,1,A 
X46K7E7K,1201165162,CIG4F3,1819,2,B 
FZF3U1X8,1201165162,MUG1B4,1718,1,BC
VHKWINZO,1201165162,CIG4K3,2021,1,C 
MCYAELEP,1201165162,HUG1H2,1819,1,C 
JKAXSD88,1201165162,MUG1A4,1819,1,E 
B4CYIGSM,1201165162,CIG4I3,2122,2,C 
AN71CNJJ,1201165162,BUG1A2,1718,1,AB
FS75P7G4,1201165162,CIG4K3,2021,2,E 
VZTJ09PR,1201166235,CNG4P3,1718,2,C 
JMUNKAGF,1201166235,CIG4B3,2122,2,E 
TLA0NNN6,1201166235,CIG4I3,2122,2,A 
B0SAGCSE,1201166235,CIG4E3,1718,1,BC
YHDSWIWA,1201166235,CDG4G3,1819,2,AB
7QRZ258E,1201166235,BUG1E2,1819,1,E 
M1LE7PRI,1201166235,CDG4I3,1718,1,A 
LXI9ROKG,1201166235,CDG4G3,1718,2,B 
4QYC7XTK,1201166235,CIG4I3,2122,2,BC
Z9375YEF,1201166235,CIG4B3,2122,2,E 
2OXO1OHJ,1201166235,CIG4G3,1819,2,AB
05G9AWTS,1201166235,BUG1A2,2122,2,A 
FK5LG5HY,1201166235,CIG4K3,2122,1,E 
IAO7WTMX,1201166235,MUG1B4,2021,2,E 
TCHD16PP,1201166235,CDG4H3,1718,1,AB
JPLBRTKC,1201166235,CDG4I3,1819,2,AB
QK2U3296,1201166235,CIG4B3,1718,1,D 
G9F09JXH,1201166235,FUG1A3,1718,1,B 
STQ7OP1I,1201166235,CIG4E3,2021,1,C 
5PC1TFHZ,1201166235,CNG4P3,1819,1,D 
0LQL0240,1201166235,CIG4B3,1819,2,AB
DL611YQ9,1201166235,MUG1B4,2021,1,B 
1ES7CMYA,1201166235,CDG4I3,1819,2,D 
SUZNZHMA,1201166235,KUG1C3,2122,2,C 
1PAX3LR0,1201166235,CDG4G3,1819,2,B 
YZ4DSARH,1201166235,CIG4E3,2021,1,AB
9DAPXJXN,1201166235,HUG1H2,1819,1,D 
XQ3GDQB6,1201166235,CIG4C3,1718,2,AB
86ALX2GP,1201166235,CDG4G3,2122,1,A 
W2JMSURS,1201166235,KUG1C3,1718,1,A 
DRNVH6NS,1201166235,BUG1A2,1718,1,C 
2XAMSLXH,1201166235,CIG4F3,1718,1,E 
Y8EWAFTH,1201166235,MUG1A4,2122,1,BC
7U25AK5C,1201166235,FUG1A3,2122,2,D 
8LCVDPYC,1201166235,CIG4L3,2021,1,E 
SRSA137L,1201166235,FUG1A3,1718,2,B 
EBYUQ4S7,1201166235,CDG4G3,1819,2,C 
8GYXDSRS,1201166235,CDG4M3,1819,1,D 
27OGICEI,1201166235,CIG4K3,2021,2,E 
JCDSXTPE,1201166235,CIG4G3,2122,2,D 
WR09WLWD,1201166235,CDG4H3,2021,2,B 
3FW61B8A,1201166235,CDG4M3,2021,1,C 
AAH4O1DB,1201166235,CDG4I3,1819,1,BC
6PKN1AJO,1201166235,BUG1A2,2122,2,C 
0TBW1S5R,1201166235,CDG4G3,2122,1,A 
KLNCQHQH,1201166235,MUG1A4,1718,1,BC
DDRWLVZ4,1201166235,FUG1A3,1819,2,AB
NZCGAIM3,1201166235,MUG1B4,2122,1,BC
5HGHAMJR,1201166235,CDG4I3,2122,2,B 
E0TDNBVY,1201166235,MUG1A4,1819,2,B 
8DKXSXDF,1301179593,MUG1A4,1718,2,D 
4GICPZRC,1301179593,CIG4I3,1819,2,BC
8UGIBIG0,1301179593,KUG1C3,1819,1,E 
49SVCWRM,1301179593,FUG1A3,2122,1,BC
DOH67YKI,1301179593,CIG4L3,1819,2,D 
EAN4DGCP,1301179593,KUG1C3,2021,2,B 
JRE34NW0,1301179593,FUG1A3,2021,2,A 
6U3SFSDH,1301179593,CIG4E3,2122,1,B 
Y68BRUEK,1301179593,CDG4H3,2021,1,A 
J7DB5MWX,1301179593,CIG4K3,2122,1,E 
7CLURYS0,1301179593,CDG4G3,1718,2,A 
1RAN42DW,1301179593,CIG4B3,2122,1,D 
7FFHIA7Y,1301179593,CIG4L3,1718,1,B 
N4T6JV5U,1301179593,CIG4C3,2021,1,B 
7GUCGS0A,1301179593,CDG4M3,2122,2,B 
NIKAT0PR,1301179593,CIG4C3,1718,1,B 
4RDZGOP7,1301179593,CDG4M3,2122,1,BC
EWHXEVQF,1301179593,CDG4G3,2122,1,AB
WQQYHBQO,1301179593,MUG1B4,1718,1,E 
PF4907EW,1301179593,BUG1E2,1718,2,D 
PCC2SGNS,1301179593,CDG4G3,2122,1,C 
1X7TKD52,1301179593,FUG1A3,2122,1,A 
1FNDJ0J2,1301179593,CIG4I3,1819,1,BC
BYJBUPHG,1301179593,CNG4P3,2021,2,D 
RUHCTYXQ,1301179593,CIG4B3,2021,1,BC
C87UD6DM,1301179593,FUG1A3,2021,2,C 
JBHVTBNY,1301179593,CIG4G3,1718,1,D 
2J036M7L,1301179593,HUG1H2,1819,1,AB
Q0B053JD,1301179593,HUG1H2,1718,2,BC
S7BL3ZZE,1301179593,HUG1H2,1718,2,E 
U71THVWQ,1301179593,MUG1A4,1718,2,A 
HTKJ73TZ,1301179593,CNG4P3,2021,1,B 
AVDM5NQQ,1301179593,CDG4I3,1819,2,E 
2EDW9C5D,1301179593,HUG1H2,2021,2,C 
TWJ9VOD4,1301179593,CIG4I3,2122,1,AB
DUTLS9FY,1301179593,CIG4K3,2021,1,AB
OMKHVNJH,1301179593,CIG4G3,2122,2,E 
QL0DSARF,1301179593,CIG4I3,1718,1,A 
YG0LUUEW,1301179593,BUG1A2,1819,1,A 
SJIK4F73,1301179593,MUG1B4,1718,2,C 
9OIX1XRG,1301179593,CNG4P3,2021,1,B 
NBTJXALD,1301179593,BUG1A2,2021,2,AB
DOXLJ3E4,1301179593,CIG4I3,2021,1,C 
IYZME8ML,1301179593,CNG4P3,2122,1,A 
N7DE23NA,1301179593,CDG4H3,2021,2,D 
ZT8SB48R,1301179593,MUG1B4,2122,2,BC
7FGPRVTF,1301179593,CDG4I3,1819,2,AB
JOPC8FCO,1301179593,CIG4B3,2021,2,AB
YH606HKJ,1301179593,KUG1C3,1718,2,AB
AWW05W2N,1301179593,BUG1A2,2122,2,C 
0HO81732,1201167347,BUG1E2,1819,1,E 
N84OOLBT,1201167347,MUG1A4,1819,2,E 
QT338IV0,1201167347,CIG4L3,2021,2,BC
57P583KX,1201167347,FUG1A3,2122,1,C 
VBM11DW1,1201167347,BUG1E2,1819,1,D 
ODM8M55Z,1201167347,CIG4I3,1819,2,D 
UDJL29PS,1201167347,CNG4P3,1718,1,A 
WYD4R83T,1201167347,KUG1C3,2021,2,A 
YG3M8K1N,1201167347,CIG4F3,1718,2,E 
7BO45XN9,1201167347,CIG4E3,2122,1,A 
BZK4U95V,1201167347,CIG4G3,1819,1,C 
V4FD92KQ,1201167347,CDG4H3,1819,1,D 
J2KGBS0K,1201167347,CIG4F3,2021,2,E 
L5O1VUW8,1201167347,BUG1A2,2021,2,AB
KE21X89Z,1201167347,CDG4M3,2021,2,D 
LI0EEYNE,1201167347,CNG4P3,2021,2,C 
17UDNG7T,1201167347,MUG1A4,2021,1,E 
99TYUEAB,1201167347,BUG1E2,2021,1,C 
HG259S2K,1201167347,MUG1B4,2122,2,A 
3U531VGX,1201167347,CIG4C3,1718,1,AB
SJ9XATVE,1201167347,CDG4G3,1718,2,BC
GJ2YPKEG,1201167347,CDG4I3,2122,1,BC
HZ686SEJ,1201167347,CIG4C3,2021,1,AB
FKK2LD1N,1201167347,CIG4L3,2122,2,B 
35GLENAY,1201167347,BUG1E2,1819,2,BC
UYY00E5S,1201167347,CIG4C3,1718,2,B 
QYVBZH19,1201167347,CIG4K3,1718,2,BC
F0RZJ32C,1201167347,CIG4I3,1819,1,BC
RO5TD3C4,1201167347,CIG4B3,2122,1,A 
YHNH4NTA,1201167347,CIG4C3,2122,2,A 
P1LWS0YV,1201167347,BUG1E2,1819,2,B 
EHFO5LP0,1201167347,HUG1H2,2021,1,BC
5VJLJLOX,1201167347,CIG4F3,1718,1,A 
W0MR4TF1,1201167347,CIG4K3,1819,2,E 
HQKRSFU1,1201167347,CIG4L3,2122,1,E 
0JP6XX9N,1201167347,CIG4L3,2021,1,A 
2WMIEH1E,1201167347,CDG4G3,2122,1,E 
MYA1NG1V,1201167347,BUG1E2,2021,2,AB
BOHOA8IZ,1201167347,CIG4I3,1718,1,D 
ASU95SA8,1201167347,CNG4P3,1819,2,BC
09ZHG6X9,1201167347,BUG1A2,2021,1,A 
ZGF3F3NT,1201167347,BUG1A2,1819,1,D 
S44IPVN3,1201167347,CDG4G3,1718,1,A 
NWHVX2I3,1201167347,CIG4C3,2021,2,E 
YBAORTOF,1201167347,CDG4M3,2021,1,E 
1IZ42OUH,1201167347,CIG4B3,1819,2,BC
EBQBY1SF,1201167347,CIG4F3,2122,1,B 
V54UZCL6,1201167347,CDG4I3,1718,1,BC
8LFD29B9,1201167347,CIG4F3,1718,2,B 
QZRH6TA8,1201167347,CDG4I3,1718,2,A 
CAQWMHF6,1201170987,CIG4K3,1819,1,BC
S52WZ4QZ,1201170987,MUG1A4,2122,1,BC
625RJQOF,1201170987,CIG4C3,2021,2,AB
9QV8JLIC,1201170987,CDG4H3,2122,1,A 
45RZVZU1,1201170987,MUG1A4,2021,2,AB
FJV7HPKV,1201170987,CIG4E3,2021,2,BC
J2KDXTZW,1201170987,CIG4G3,2122,1,D 
VKX5VGWH,1201170987,CIG4L3,2122,1,A 
WZ23M0DH,1201170987,CDG4I3,1819,1,AB
IEM95R8T,1201170987,CDG4I3,1819,2,BC
G9ZRAFPL,1201170987,CDG4I3,1819,2,AB
F4EKCYF8,1201170987,CDG4M3,2021,1,C 
WNLRXQJS,1201170987,CIG4K3,2021,1,A 
YD4SGZ1D,1201170987,HUG1H2,1718,1,E 
MDYWRFGQ,1201170987,CIG4K3,1819,1,C 
JRXSW2ET,1201170987,CIG4B3,2021,2,A 
9NNRFQ60,1201170987,CIG4E3,1718,1,D 
0H27K7EQ,1201170987,CDG4G3,1819,2,A 
DA89ASRR,1201170987,BUG1A2,2021,1,AB
H4IF2056,1201170987,CDG4M3,1718,2,C 
8LS3MJ76,1201170987,CIG4L3,2122,2,D 
G86JMIGM,1201170987,CDG4G3,2122,2,C 
MHOW4FTQ,1201170987,KUG1C3,1819,1,E 
66JLI079,1201170987,MUG1B4,1819,1,BC
M689OLE3,1201170987,FUG1A3,2021,1,A 
CC2BWIE8,1201170987,CIG4C3,2021,2,D 
X62VMIB3,1201170987,CDG4G3,2021,2,B 
1C6Q9WXP,1201170987,CIG4L3,2122,1,AB
A67PJH7B,1201170987,CIG4F3,1819,1,B 
DUU2MS3Y,1201170987,FUG1A3,1718,2,E 
1KXL7MXD,1201170987,BUG1E2,1718,2,E 
4FHMOX3P,1201170987,KUG1C3,1718,2,E 
OMAZLZYQ,1201170987,CNG4P3,1819,1,AB
91R1YJQJ,1201170987,MUG1A4,2122,1,E 
IIZZ9MSY,1201170987,MUG1A4,2021,1,BC
J3VE9UXP,1201170987,CIG4F3,1819,2,D 
0ENARDNB,1201170987,CDG4G3,2122,2,B 
VGMG45PV,1201170987,MUG1A4,1819,2,E 
Z8EF8EQC,1201170987,CDG4M3,2021,2,D 
4MQRDUQO,1201170987,MUG1A4,1819,2,BC
DCAT5Q2E,1201170987,BUG1A2,2021,2,AB
5XD29L3O,1201170987,CDG4G3,1718,2,E 
NAOBPSQV,1201170987,CIG4C3,1819,1,A 
YLFEX58A,1201170987,CIG4K3,2122,2,B 
08D246ZJ,1201170987,CIG4F3,1718,2,B 
GAJLBXDT,1201170987,KUG1C3,2122,2,BC
SBEDGP9U,1201170987,CIG4I3,2122,2,D 
VO4UKXQA,1201170987,KUG1C3,2122,2,AB
YCCBIATR,1201170987,KUG1C3,1718,2,AB
KE4PIEUB,1201170987,CIG4E3,1718,1,E 
IWWV144K,1201171234,HUG1H2,1718,2,D 
8SHPBF9T,1201171234,CIG4B3,2021,1,B 
TIW9VBKR,1201171234,MUG1B4,1819,1,B 
SW2CUUMQ,1201171234,BUG1A2,1718,2,C 
43LYA4J4,1201171234,CDG4I3,1819,1,B 
H1C03DPF,1201171234,FUG1A3,1819,2,D 
FL59RUPG,1201171234,CNG4P3,2021,1,C 
LEDEB2ZO,1201171234,CIG4L3,1819,2,C 
G0VI3LSY,1201171234,KUG1C3,1718,1,A 
92139UXO,1201171234,CIG4G3,2122,1,B 
HX6JYM8J,1201171234,CIG4G3,2122,2,A 
NEM61F3P,1201171234,CIG4G3,1718,1,C 
CXTDSGL4,1201171234,CDG4M3,1819,1,C 
3GAZ3WH1,1201171234,HUG1H2,1718,2,B 
QY6O5PZ3,1201171234,FUG1A3,1718,1,BC
1L5Z8V73,1201171234,KUG1C3,1718,1,AB
9L1LAU5B,1201171234,CDG4M3,1819,2,BC
LCQSLJQ1,1201171234,CDG4M3,2122,2,A 
7VQCJPUW,1201171234,CIG4F3,2021,1,B 
8ZMHLW5H,1201171234,CIG4I3,2122,2,E 
IG0R4506,1201171234,BUG1A2,2021,1,C 
25C29GSR,1201171234,BUG1A2,2122,1,E 
4D1NF4UU,1201171234,CIG4I3,2021,2,B 
0FNKHYZZ,1201171234,CDG4M3,1819,2,C 
HJJET96B,1201171234,CIG4C3,1819,1,B 
5UJOM2W1,1201171234,CIG4I3,2122,2,E 
H4MH4SBO,1201171234,BUG1A2,2021,1,C 
WG0ZSPYE,1201171234,CIG4B3,1819,1,BC
FMU07N85,1201171234,KUG1C3,1718,2,AB
HZSVUGH8,1201171234,CDG4G3,2122,2,BC
SVDNLR4Z,1201171234,MUG1B4,2122,1,A 
H5SMIGTP,1201171234,BUG1E2,2122,1,AB
6FIAH644,1201171234,CIG4C3,2122,1,A 
5RAF9Q3P,1201171234,BUG1E2,1718,2,BC
82H6MK2X,1201171234,CDG4H3,2122,1,A 
R5SB5VWA,1201171234,FUG1A3,2021,1,C 
GCZP8G0V,1201171234,CDG4M3,2021,2,C 
1JR3RZZ0,1201171234,CIG4G3,1718,2,BC
CCOP9WDV,1201171234,MUG1B4,2021,1,C 
MUSMO28J,1201171234,CIG4I3,1819,2,C 
59971NR2,1201171234,CIG4B3,2122,1,AB
CVFD39G2,1201171234,CDG4M3,2021,1,D 
F192HGBT,1201171234,CDG4G3,1718,2,D 
9DDNXOH8,1201171234,CIG4F3,2122,2,B 
KH8S029Y,1201171234,CIG4C3,1819,2,BC
VVNNRA2N,1201171234,HUG1H2,2021,2,C 
O0GW3GCY,1201171234,CIG4I3,2021,2,AB
7P8XKDEY,1201171234,CIG4F3,1819,2,C 
OG2VAYBN,1201171234,CDG4G3,2122,2,D 
2KHV3YB8,1201171234,CIG4G3,2122,1,A 
LZ97HVFD,1201171674,HUG1H2,1819,1,A 
FKUK4LOR,1201171674,CIG4B3,2122,2,C 
RZ8LHGN0,1201171674,FUG1A3,1819,2,D 
Y23S9Q4J,1201171674,FUG1A3,1718,1,B 
O9LUEGQ3,1201171674,KUG1C3,1819,2,AB
AZQZD0TQ,1201171674,CIG4K3,1819,1,E 
6ZEDZ01F,1201171674,CIG4F3,2122,1,A 
MJIP1XDZ,1201171674,CIG4E3,1718,1,C 
PK64A3MK,1201171674,CIG4E3,2021,2,AB
JFKS0XW8,1201171674,CIG4G3,1819,1,BC
JNVJM1UY,1201171674,CIG4L3,2122,1,AB
IGI58ACM,1201171674,CDG4H3,1718,1,A 
V1K34YQD,1201171674,CIG4C3,1718,2,B 
N34UPIPY,1201171674,HUG1H2,1718,2,BC
WKFOC3MY,1201171674,CIG4B3,2122,1,B 
0IW4URMI,1201171674,BUG1A2,1718,2,E 
D869N2DU,1201171674,CIG4F3,1819,2,C 
6R6T69I9,1201171674,KUG1C3,1819,1,A 
1TJY5XK1,1201171674,CIG4G3,1718,1,AB
OVCWCWS5,1201171674,CIG4L3,1819,1,E 
QVRQMQL3,1201171674,MUG1B4,2021,2,C 
GVRU6310,1201171674,CIG4B3,1819,1,E 
9WDBIYNP,1201171674,BUG1A2,1718,2,BC
XFU2ZRRK,1201171674,CIG4L3,1718,2,D 
9ACKS1XL,1201171674,CDG4G3,1718,1,C 
IPRKG04V,1201171674,MUG1A4,2122,1,E 
3MWQTRX1,1201171674,MUG1A4,2021,2,A 
IC3G5TDZ,1201171674,CNG4P3,2122,1,E 
DGV50QIH,1201171674,BUG1A2,2122,2,AB
8132HDI7,1201171674,CIG4I3,2021,2,D 
K98N4B1R,1201171674,CIG4L3,1819,1,C 
NKCQ8QPY,1201171674,CIG4B3,1819,2,E 
L1G9E84M,1201171674,BUG1A2,1819,2,D 
DPR1Y5UF,1201171674,CIG4G3,1718,1,AB
3565UZ5B,1201171674,MUG1A4,2021,2,B 
ODSPO2IS,1201171674,MUG1A4,1718,1,B 
MEQP6I2L,1201171674,CIG4F3,1819,2,B 
FVKPTA3R,1201171674,BUG1A2,2021,1,C 
06WDUTDV,1201171674,CIG4L3,2122,1,AB
6EVBPO8K,1201171674,MUG1B4,2021,2,A 
G9OUOEJU,1201171674,CIG4B3,2021,2,BC
CU09PPRO,1201171674,CIG4B3,1819,1,A 
JBZSFF82,1201171674,CIG4L3,1819,1,AB
A5T1X150,1201171674,CDG4M3,1718,2,A 
X9JUVJDV,1201171674,CIG4L3,1819,1,BC
WCB92EGR,1201171674,MUG1A4,2021,1,A 
XG1OYQFA,1201171674,CIG4K3,1819,1,B 
AWUTVS7K,1201171674,KUG1C3,1718,1,B 
Y9MQG72A,1201171674,CNG4P3,2122,1,E 
7D5DD995,1201171674,FUG1A3,1819,1,BC
YCEQ9RCH,1201172304,MUG1A4,1819,2,A 
4IT9YUAE,1201172304,CIG4E3,1819,2,A 
E0K320KZ,1201172304,MUG1A4,1718,2,BC
O1RUUB7B,1201172304,CDG4M3,2021,2,E 
WY4SOQLH,1201172304,CIG4B3,1819,2,B 
7FV7N2LN,1201172304,FUG1A3,1718,2,AB
D08NYGD8,1201172304,CDG4G3,2021,1,AB
1OCIARW3,1201172304,BUG1A2,1718,1,A 
LSNAZR0Y,1201172304,MUG1A4,1718,2,C 
OC5WEMMV,1201172304,CIG4L3,1819,2,B 
PDR4CTMP,1201172304,CDG4I3,2122,2,E 
V61AODHQ,1201172304,CIG4B3,1718,1,A 
T2W4PLXV,1201172304,MUG1A4,1718,2,B 
AK8WKQ3O,1201172304,MUG1B4,1718,1,BC
BQ26A111,1201172304,CIG4E3,1718,1,E 
F7P300KL,1201172304,CDG4M3,2021,1,AB
4PDM0RGD,1201172304,HUG1H2,2122,2,B 
P531U0EE,1201172304,CDG4G3,1718,2,AB
CM87KLP1,1201172304,CIG4F3,2021,1,AB
B4ZS645K,1201172304,CDG4H3,2122,1,A 
9X15NRYT,1201172304,CIG4F3,2021,1,C 
KYQE89GO,1201172304,CDG4I3,2021,2,E 
2L0N1NAT,1201172304,MUG1A4,1819,1,E 
9ML52YHV,1201172304,CIG4B3,2021,1,A 
9T279J0V,1201172304,CDG4M3,2021,1,BC
YOWV4L3C,1201172304,MUG1A4,1819,1,C 
XKZVESTW,1201172304,CIG4F3,2122,1,D 
WH6BG21W,1201172304,KUG1C3,1718,2,B 
R5FPHJPT,1201172304,CNG4P3,2122,1,B 
UEZM0OZY,1201172304,MUG1B4,1819,1,C 
TJHR8WQR,1201172304,CIG4B3,2021,2,BC
9FL1NZP5,1201172304,CNG4P3,2021,1,C 
XAE9FN4O,1201172304,CNG4P3,1718,2,A 
5GBA2G6H,1201172304,CDG4G3,2021,2,D 
SHR6VKY4,1201172304,CIG4G3,1819,2,C 
OXPB8XF4,1201172304,MUG1A4,1718,2,BC
Y3Z0KZSF,1201172304,CDG4I3,1718,1,BC
O3V2VQY3,1201172304,MUG1A4,2122,2,E 
JDJFHSKM,1201172304,HUG1H2,2122,1,D 
MJUS82QH,1201172304,CIG4L3,2021,2,AB
AGL9RF72,1201172304,BUG1E2,1819,2,AB
YMS1Z5J8,1201172304,CDG4M3,1718,2,AB
8W24O9WF,1201172304,CDG4M3,2021,1,A 
TMOAEAGV,1201172304,CIG4L3,1819,1,E 
NN1OEZLD,1201172304,CIG4G3,2122,1,AB
GQQ5ASXQ,1201172304,CIG4L3,2021,1,B 
AWTMAV3B,1201172304,CDG4H3,1718,2,C 
TGPF16XY,1201172304,BUG1E2,1819,2,C 
F7OLE43I,1201172304,CIG4B3,2122,2,AB
KZY8S1FA,1201172304,CIG4B3,2122,2,AB
Y79SQ3U1,1201173154,CDG4I3,2122,1,D 
UZ58JFLJ,1201173154,FUG1A3,1819,2,A 
22ZCDLLF,1201173154,BUG1A2,1819,1,A 
3KBK75S2,1201173154,CIG4B3,2122,1,D 
APQ47FIM,1201173154,CIG4B3,2021,2,E 
MW1O959F,1201173154,HUG1H2,2021,1,AB
OOF0CC7N,1201173154,FUG1A3,2122,1,AB
W3ZF2K4Y,1201173154,CIG4B3,2021,1,B 
HC74ZRMW,1201173154,CIG4L3,2122,1,B 
UN0QU6G7,1201173154,CDG4H3,2122,1,D 
L66SZ108,1201173154,CIG4K3,1819,2,BC
RDHDQCUC,1201173154,BUG1E2,2021,2,D 
2CH68EP6,1201173154,FUG1A3,1819,2,D 
CSGYMQ20,1201173154,CDG4I3,2021,2,A 
X145NM9P,1201173154,CDG4M3,2122,2,D 
M8MVJJGS,1201173154,CDG4M3,1718,1,AB
3XYRYJ9H,1201173154,CIG4B3,2122,1,E 
Q9QGVBVB,1201173154,KUG1C3,2021,2,C 
KRPZIYZP,1201173154,CDG4M3,2122,1,E 
D2U913X2,1201173154,FUG1A3,1718,2,B 
MY5Y1KBN,1201173154,CIG4I3,1819,1,D 
2WON523K,1201173154,CIG4B3,2122,2,BC
NLL23RJE,1201173154,MUG1A4,1718,1,BC
8IO6ZAQX,1201173154,CIG4I3,2122,1,E 
MX37F7KA,1201173154,FUG1A3,2021,1,D 
QC6VKMUL,1201173154,BUG1A2,1819,2,B 
8JWQS495,1201173154,CNG4P3,1718,1,D 
O10S6EY1,1201173154,FUG1A3,1718,2,E 
G1AH86EQ,1201173154,BUG1E2,2021,1,E 
ALM1UY4W,1201173154,CDG4I3,2122,2,A 
YD8PN9ES,1201173154,CIG4C3,1718,2,E 
Y8SOG1DL,1201173154,CIG4E3,1819,1,A 
NEOSLMMB,1201173154,CIG4K3,1718,1,A 
EGPHSHLZ,1201173154,CDG4I3,2122,1,A 
7E43GING,1201173154,CIG4G3,2021,2,E 
WSTAN0JJ,1201173154,CDG4I3,1819,1,BC
HANPJLKL,1201173154,CIG4E3,1718,1,BC
06KHU69Q,1201173154,CDG4H3,1718,2,B 
W3RC7KFE,1201173154,CIG4G3,2122,2,D 
1I533MYO,1201173154,CIG4B3,2021,2,BC
6G9R46QV,1201173154,CIG4I3,1819,1,AB
3SCJ8GV0,1201173154,CIG4C3,1819,2,AB
SDNUIGL6,1201173154,MUG1A4,2122,2,BC
5IYBPQSO,1201173154,CDG4H3,2122,2,E 
I6KO6RW0,1201173154,CDG4I3,1819,2,D 
M5JPI6GU,1201173154,CNG4P3,2021,1,B 
WFKZ8DF0,1201173154,HUG1H2,2122,2,BC
4DWVHOFM,1201173154,CIG4L3,2122,2,A 
9XAC5H3A,1201173154,CIG4F3,1819,2,AB
QWHN76Y9,1201173154,CDG4I3,2021,2,E 
CDOJG2QF,1201173625,CDG4I3,2122,1,B 
0UU35AS8,1201173625,FUG1A3,2021,2,A 
Z6PV5EZO,1201173625,CIG4C3,2021,2,D 
MKIL6227,1201173625,CDG4M3,2122,2,D 
OWSE96GG,1201173625,CIG4F3,2021,2,BC
G5LKX9EQ,1201173625,CIG4E3,2122,2,AB
DJXAQDD8,1201173625,CDG4G3,1718,1,C 
OA75UEJ7,1201173625,CIG4K3,2021,2,AB
1WPJRO83,1201173625,CDG4M3,1718,1,E 
0JOA2O1N,1201173625,CDG4G3,1819,1,BC
F2HWF2RL,1201173625,MUG1B4,2021,2,B 
SU098KWC,1201173625,CNG4P3,2021,2,B 
VOTBT58Z,1201173625,CIG4G3,2122,1,BC
L3KHZDF9,1201173625,CIG4B3,2122,1,B 
IT016W29,1201173625,CIG4B3,2122,2,E 
FE07Y85P,1201173625,HUG1H2,2122,2,B 
WLON503K,1201173625,BUG1A2,1819,2,C 
4SLLRJWP,1201173625,BUG1E2,2021,1,C 
O01OU5F9,1201173625,CIG4F3,1718,2,AB
VT6PEBBM,1201173625,CIG4L3,2021,1,B 
85VNY1ES,1201173625,CIG4B3,1718,1,C 
ZQ7NLRS5,1201173625,MUG1A4,2021,2,C 
SLS7GQ51,1201173625,CIG4G3,2122,2,D 
FP2L3OG2,1201173625,CIG4E3,1718,2,B 
R8MVYI0W,1201173625,BUG1A2,2122,1,AB
WIYE81YE,1201173625,KUG1C3,1718,1,C 
BA72SDFS,1201173625,CDG4H3,1718,2,E 
A3HJ92YL,1201173625,CIG4C3,1819,1,BC
JE6ME6HJ,1201173625,CIG4K3,2021,2,AB
V5K7103N,1201173625,FUG1A3,2122,2,BC
0XK3RNJN,1201173625,CIG4G3,2021,2,E 
24V4BQX4,1201173625,CDG4G3,1819,2,D 
UN435M9E,1201173625,CIG4B3,2021,1,D 
3XGX3H1J,1201173625,CIG4C3,1718,1,E 
A3SLS546,1201173625,CNG4P3,1718,2,C 
4TTKLMIF,1201173625,BUG1A2,2021,2,D 
IQNN69SO,1201173625,CIG4L3,2021,1,B 
XF93HWUV,1201173625,MUG1A4,1819,1,B 
DL4H7LMY,1201173625,CIG4E3,1718,2,C 
T89M2Z3Q,1201173625,CIG4I3,2021,1,C 
PBPM4NNA,1201173625,CDG4M3,1718,1,D 
LEXM5AYH,1201173625,BUG1E2,2021,1,B 
88H9RBH6,1201173625,CDG4M3,1718,1,B 
EY489GV8,1201173625,CDG4I3,1819,2,AB
LSOFHH0Z,1201173625,MUG1B4,2122,2,AB
8463X92T,1201173625,CIG4F3,2021,2,E 
J2N4S49O,1201173625,CDG4G3,1819,2,D 
3SIFTPAE,1201173625,CIG4B3,1718,1,AB
SZANVSA1,1201173625,CIG4C3,1718,1,A 
HRAXEOJE,1201173625,BUG1A2,1819,1,B 
5KYH21PR,1201174125,CIG4G3,1819,2,C 
TAMZ8VFT,1201174125,CIG4I3,1718,1,D 
31K89P70,1201174125,CDG4G3,2021,2,D 
1VXA3LJO,1201174125,CIG4F3,2122,1,E 
JEJI02L1,1201174125,CIG4E3,1819,2,B 
JS3VGL2V,1201174125,BUG1E2,1718,1,D 
MR3NEKFP,1201174125,CIG4C3,2021,2,AB
N7PHDOXI,1201174125,CDG4G3,1819,2,B 
17P4M73A,1201174125,CIG4C3,2122,2,C 
PTYQWMUQ,1201174125,CIG4E3,2021,1,E 
3CYMR5K8,1201174125,CDG4M3,2122,2,B 
8352MEX4,1201174125,FUG1A3,2021,2,AB
4V3I57JO,1201174125,CNG4P3,1718,1,E 
Y27UWZ3B,1201174125,MUG1B4,1718,1,BC
N9NB0L05,1201174125,CIG4B3,2122,1,C 
WR6SCAXK,1201174125,CIG4C3,1819,2,BC
53VBSLV5,1201174125,CDG4H3,2122,1,C 
2JYZ7ZMJ,1201174125,CIG4I3,2021,1,BC
A3PN1WET,1201174125,CIG4B3,2021,1,C 
47WOB0MX,1201174125,CDG4G3,1718,2,A 
EXZ2D1SC,1201174125,HUG1H2,1819,1,A 
ORJQWB86,1201174125,CDG4M3,1718,1,B 
EWSIUKTJ,1201174125,CDG4I3,1819,2,E 
YBGUZG4B,1201174125,CIG4I3,1819,2,BC
7AUKAUGI,1201174125,CIG4F3,1819,1,BC
LN9JNY63,1201174125,CIG4G3,2021,2,AB
9ZJOIEC4,1201174125,BUG1E2,2021,2,B 
DQDBU7MH,1201174125,CDG4M3,1819,1,BC
XHTVQX6U,1201174125,CIG4F3,1819,2,AB
QJ7HKK6A,1201174125,CIG4B3,1718,2,B 
FNUA7P32,1201174125,HUG1H2,2021,2,E 
7ZHUQEXN,1201174125,CIG4C3,1718,1,D 
A2VFFKMM,1201174125,CIG4L3,1718,1,BC
2Z88H5T3,1201174125,CDG4G3,1718,1,D 
UD6HMMKH,1201174125,CIG4C3,2021,2,D 
N0Y1QLEM,1201174125,CIG4E3,1819,1,A 
WTHSY044,1201174125,CIG4L3,2021,2,E 
AIHHR4VC,1201174125,CIG4I3,2021,1,D 
FOAMIQAY,1201174125,CNG4P3,2122,2,C 
RN1PWV6Q,1201174125,HUG1H2,1718,2,E 
VVMXYBE4,1201174125,CIG4C3,1718,2,C 
IBGEFC0T,1201174125,CIG4F3,1718,1,E 
FVVBL1EF,1201174125,CDG4H3,1819,2,C 
SSAK8PHP,1201174125,CNG4P3,2021,1,D 
L0W5S7OE,1201174125,CIG4B3,2122,1,B 
JGEGJ6TP,1201174125,HUG1H2,1819,2,C 
XIJB94F4,1201174125,HUG1H2,1819,1,B 
RGFFA352,1201174125,FUG1A3,2122,2,D 
412OQ4AH,1201174125,CIG4E3,2021,1,C 
HQ2FW76W,1201174125,CDG4G3,2021,1,C 
9VXZFGPR,1201174567,FUG1A3,2021,1,AB
V1NL2IEP,1201174567,CDG4M3,2021,2,AB
KLLSDE82,1201174567,CIG4L3,1819,2,BC
HC4TC9HU,1201174567,CIG4E3,2122,1,A 
KSFOGGXY,1201174567,CDG4H3,1718,2,B 
LL3YRZP8,1201174567,CDG4I3,1819,1,AB
MM5LWNS5,1201174567,BUG1A2,2122,2,D 
W4RDM6OV,1201174567,CDG4I3,1819,1,B 
U3BJDZJD,1201174567,CNG4P3,2021,1,B 
YXH2KKLS,1201174567,CDG4G3,2122,2,A 
W5G0E586,1201174567,CNG4P3,1819,2,B 
AK1LZTMO,1201174567,CDG4H3,1718,1,D 
6HDYXF4W,1201174567,CDG4I3,1718,1,AB
C2X8GZUM,1201174567,KUG1C3,2021,2,AB
T8QQ0YRY,1201174567,CIG4B3,2122,2,A 
5EJ387OE,1201174567,BUG1A2,2122,2,BC
L26DGW5R,1201174567,FUG1A3,2021,1,C 
BUXMI9ZK,1201174567,CIG4L3,2122,2,AB
ZO10D5YH,1201174567,CDG4G3,2021,2,D 
0P2S6BYE,1201174567,BUG1E2,1819,1,BC
NTWO3RG6,1201174567,CIG4C3,2021,2,BC
D9PGAFQ5,1201174567,CIG4E3,1718,1,D 
O9DTFYBP,1201174567,CIG4I3,2122,1,E 
DZN04MU9,1201174567,CIG4C3,2021,2,C 
5S8YMLRI,1201174567,BUG1A2,1718,2,BC
I5WDQSGU,1201174567,MUG1A4,1718,2,A 
87D67F8Z,1201174567,CIG4I3,2021,2,D 
SHKEEPC0,1201174567,CDG4I3,2122,1,AB
OPKRH1SD,1201174567,CDG4M3,2021,2,AB
S5KKB78V,1201174567,CIG4C3,2122,1,D 
S226JXB0,1201174567,CIG4B3,1718,1,E 
UJGFBMD2,1201174567,CIG4B3,2122,2,C 
26YBIYNH,1201174567,CIG4K3,2122,1,E 
OAOC4XXU,1201174567,CIG4B3,2021,2,BC
IYVLXFR0,1201174567,CDG4I3,2021,1,A 
OU78UMBF,1201174567,CIG4C3,2122,1,C 
1SSFI7N3,1201174567,MUG1B4,2021,1,AB
PVRIJ956,1201174567,FUG1A3,1819,2,BC
VW7M11FW,1201174567,CIG4F3,1718,2,BC
O8WX1PWC,1201174567,CDG4H3,1819,2,BC
8JKLFSLK,1201174567,KUG1C3,2021,1,AB
L26CYIRP,1201174567,CIG4K3,1819,2,C 
YBM8PYOA,1201174567,CIG4F3,1718,2,B 
N50KKZC9,1201174567,CIG4L3,2122,2,BC
8PJAYU0C,1201174567,MUG1B4,2122,2,C 
KWB84C8F,1201174567,CDG4M3,2122,1,E 
QH9ZCXXK,1201174567,FUG1A3,2122,1,D 
4K8K1BAW,1201174567,FUG1A3,2021,2,B 
06DI9Q0E,1201174567,CDG4I3,2021,2,D 
KKX2XPFK,1201174567,CDG4G3,1718,2,D 
6V3C0M7K,1201175163,CIG4K3,2122,1,E 
29FOVQKJ,1201175163,BUG1E2,2021,1,AB
WPI880GA,1201175163,MUG1A4,1718,1,E 
R5P294WP,1201175163,CIG4B3,1718,1,A 
FXNGH75N,1201175163,FUG1A3,2122,1,AB
92Q9KLS4,1201175163,CIG4E3,1819,1,BC
9OGIGHLG,1201175163,CDG4I3,2122,1,B 
O3V57FK8,1201175163,MUG1A4,2021,1,D 
N0J7CECY,1201175163,KUG1C3,2122,1,BC
T58GKHZF,1201175163,KUG1C3,2122,2,AB
MU2VYNI8,1201175163,CIG4G3,2021,1,BC
LG1NMAQ4,1201175163,KUG1C3,1718,2,C 
RRWUCU15,1201175163,CDG4G3,2021,2,A 
MRZLIF6H,1201175163,MUG1A4,2021,2,C 
EPSMMZJ9,1201175163,CDG4H3,2021,1,A 
SLW6MYMS,1201175163,CDG4I3,1819,1,C 
OEY2UFD1,1201175163,MUG1B4,1819,1,D 
27JHX6ZG,1201175163,CIG4C3,2021,1,C 
JTJ7SDS2,1201175163,CIG4C3,1718,1,AB
IWB185SX,1201175163,HUG1H2,1718,2,B 
EH7EQEW9,1201175163,CIG4E3,1718,1,AB
M1TOQCLV,1201175163,CIG4L3,1819,1,AB
VPW2PPAL,1201175163,CDG4M3,2122,1,C 
V6U8DL27,1201175163,CIG4B3,1718,1,B 
PWCQ9UZF,1201175163,CIG4I3,2122,2,AB
7JU0TDMF,1201175163,KUG1C3,1819,1,D 
KPFSIZHZ,1201175163,HUG1H2,1718,1,B 
HWSUUY5A,1201175163,CIG4L3,2122,1,B 
8W93A5WB,1201175163,CIG4I3,2021,1,A 
0R5F4J1S,1201175163,KUG1C3,1819,1,C 
UOYXGJYZ,1201175163,CIG4I3,1718,2,B 
ONJNBEUI,1201175163,CDG4H3,2122,1,B 
OU27ESFP,1201175163,CNG4P3,1718,2,B 
3E214B47,1201175163,CNG4P3,2021,1,B 
4AAFAI4Y,1201175163,MUG1A4,2122,1,E 
7JPWWJ9V,1201175163,CIG4G3,2021,1,C 
6W1KR4OB,1201175163,CDG4H3,2122,1,C 
JI3BR75M,1201175163,CIG4L3,2021,1,D 
SLSBEPIF,1201175163,CDG4M3,2021,2,AB
ZD94DS2U,1201175163,CIG4F3,1718,1,C 
EG5HKUQA,1201175163,CDG4I3,1718,2,B 
V851O2GA,1201175163,CIG4K3,1718,1,B 
OCEK07RQ,1201175163,CDG4M3,1819,2,E 
OWUN4U81,1201175163,CIG4G3,1718,2,B 
QJ6KBXC8,1201175163,CIG4L3,2021,1,E 
4RQFTQ07,1201175163,CNG4P3,1819,2,C 
69PANS4H,1201175163,BUG1A2,2021,2,C 
ZO2XADGB,1201175163,CDG4H3,2021,1,D 
AELF5691,1201175163,BUG1A2,1819,1,B 
AFPIRM77,1201175163,CIG4G3,1819,2,E 
5WQ5E8N7,1201179684,FUG1A3,2021,1,A 
PZVX4O81,1201179684,CIG4E3,1819,1,A 
LOEPFVBA,1201179684,CIG4E3,2021,2,AB
AYAHCVZM,1201179684,BUG1A2,2021,1,B 
R52NXK6C,1201179684,BUG1A2,2122,1,C 
0N0GKL6V,1201179684,CIG4B3,2021,2,C 
HY7DHR2J,1201179684,MUG1B4,2021,1,BC
VP5Q7F53,1201179684,CIG4K3,2122,1,C 
9JF9VUEA,1201179684,CIG4F3,1718,1,E 
RCZ2550Y,1201179684,CDG4M3,2021,2,B 
2OAOYWE9,1201179684,CIG4F3,1819,2,A 
CT2HPQEU,1201179684,CDG4H3,2122,2,E 
S6GBG69W,1201179684,FUG1A3,1718,1,D 
T6VF2AOZ,1201179684,CIG4L3,1819,1,E 
ZHYSFQFM,1201179684,FUG1A3,2021,1,D 
EG6C26UB,1201179684,CNG4P3,2122,1,AB
8EJ9YYR5,1201179684,BUG1E2,2122,1,AB
PN41B9GC,1201179684,CNG4P3,1718,2,C 
FCSI2VOB,1201179684,CNG4P3,2021,1,C 
0369974X,1201179684,CIG4L3,1718,1,BC
LTGX0PBA,1201179684,CIG4I3,2021,2,E 
Z2D2VOLF,1201179684,HUG1H2,2021,1,A 
A470NMJN,1201179684,CDG4H3,1718,2,B 
0II52S6R,1201179684,HUG1H2,1718,2,BC
THPR2SM0,1201179684,CIG4G3,1718,2,A 
BSTARVPM,1201179684,BUG1E2,1718,2,D 
S19FADJ9,1201179684,CIG4B3,2122,2,B 
K37SGFHG,1201179684,CIG4B3,2122,1,AB
6VJO83MR,1201179684,CIG4F3,2021,2,B 
SHZ53J5F,1201179684,CIG4I3,2021,2,C 
26MBS0RP,1201179684,CIG4B3,2122,2,AB
7QH8V3T5,1201179684,CDG4H3,1819,1,C 
KMD5LBNZ,1201179684,CIG4G3,2021,2,E 
ORW3NNGB,1201179684,FUG1A3,1718,1,AB
820K3GYF,1201179684,CIG4I3,2122,1,BC
E3QSVO6Y,1201179684,MUG1A4,2122,1,AB
X4VRFA30,1201179684,CIG4I3,1819,1,A 
SXXBEYCU,1201179684,CIG4G3,1819,1,E 
KFA3DICD,1201179684,CIG4G3,2021,2,D 
Y81SU4DA,1201179684,CIG4K3,1819,2,AB
V8FT2Y67,1201179684,CIG4B3,1718,2,AB
991FTWBP,1201179684,HUG1H2,2122,1,A 
16IQNDVO,1201179684,CDG4G3,2021,2,E 
2R3GIKGY,1201179684,CNG4P3,1718,2,E 
UXPFTS2V,1201179684,CIG4L3,2021,1,C 
JC4ER6UB,1201179684,CIG4I3,1819,2,B 
7L0YWWWS,1201179684,CDG4M3,1718,1,C 
N01K5ZZY,1201179684,CDG4I3,2122,1,E 
2DU6H56I,1201179684,MUG1A4,1819,1,BC
EXGKJQ75,1201179684,CIG4L3,2021,2,D 
71J7URB7,1201179999,HUG1H2,1819,2,B 
A7221SZU,1201179999,BUG1A2,1819,1,E 
NFLOMX4C,1201179999,CDG4H3,2122,2,A 
PRU9QLJ6,1201179999,BUG1A2,1718,1,E 
26MDQ1DK,1201179999,CIG4E3,2122,1,E 
BW6JCDRV,1201179999,CDG4H3,2122,1,A 
7W7DFTSK,1201179999,CDG4M3,1819,2,D 
7GSC7CRY,1201179999,CIG4B3,1819,2,C 
Y695FVDW,1201179999,MUG1B4,2021,1,B 
BAMZ1U9L,1201179999,CDG4I3,2122,1,D 
A8B4OF0J,1201179999,CIG4L3,2122,2,B 
NBGJJBN8,1201179999,KUG1C3,2122,1,AB
FHVFDWQM,1201179999,CIG4I3,1819,1,AB
SLBEG2SN,1201179999,CIG4I3,2021,2,AB
HGC9AXKS,1201179999,CIG4G3,2021,1,AB
F0RDP4MA,1201179999,FUG1A3,2122,2,BC
XOUU84IN,1201179999,CIG4I3,1718,1,A 
SZLDEVDU,1201179999,CNG4P3,2122,2,BC
S3CC8N7S,1201179999,CDG4G3,2021,1,B 
6D9NEM6X,1201179999,CDG4G3,2122,2,C 
8BR1I8OM,1201179999,CDG4G3,2021,1,A 
8YRLLGOU,1201179999,CIG4G3,1819,2,AB
W6UV2JBJ,1201179999,BUG1A2,2021,1,E 
QBX545JF,1201179999,CIG4G3,1819,2,BC
2XFDELMU,1201179999,CDG4M3,1718,2,B 
PZEK6WH0,1201179999,HUG1H2,2122,2,E 
ZP0H1L5Y,1201179999,CIG4C3,1718,1,A 
9ILGLSSD,1201179999,CDG4I3,1718,2,BC
PLSXBLQK,1201179999,HUG1H2,2021,2,E 
UAGCF1M3,1201179999,CIG4E3,2021,2,C 
47GOEBOR,1201179999,MUG1B4,1718,2,AB
2QD5AFI6,1201179999,FUG1A3,2122,2,B 
GB4VDTYO,1201179999,CDG4H3,1819,2,D 
9QX0E2TI,1201179999,CIG4I3,2122,1,C 
6RLOMD8O,1201179999,HUG1H2,1718,1,AB
6A5VHUKO,1201179999,CDG4M3,2021,1,B 
2K6D60ZL,1201179999,CNG4P3,2021,1,BC
J2PXNYN9,1201179999,BUG1E2,2021,2,E 
659S34UC,1201179999,CIG4C3,1819,1,AB
CQZCYCGO,1201179999,BUG1A2,2122,2,BC
FI846QLF,1201179999,HUG1H2,2021,2,BC
1AFUYLAI,1201179999,CDG4M3,1718,2,BC
X6YMV2U7,1201179999,CIG4B3,2122,2,C 
Z3AQBXWG,1201179999,CDG4M3,2021,1,A 
VASF0TCQ,1201179999,CIG4K3,2021,1,D 
U403ZAO1,1201179999,CIG4G3,1718,2,E 
PRP2O43N,1201179999,BUG1E2,1819,2,D 
XAEDP4EE,1201179999,CDG4M3,2122,1,C 
O98X35RE,1201179999,CIG4K3,1819,2,D 
3I11B1IZ,1201179999,CIG4E3,2021,1,AB
OJATH410,1301161312,CIG4I3,1819,2,B 
GERZO9AZ,1301161312,BUG1E2,1718,1,A 
ZVO0B08U,1301161312,CNG4N3,1819,1,C 
9L8GCCM6,1301161312,CIG4I3,2021,2,E 
2PYG4U7U,1301161312,CSG3A3,1718,2,D 
HHQYO2Z4,1301161312,CSH2D3,2122,2,A 
HCBPMRXY,1301161312,CIG4L3,2021,2,E 
KPU65VYE,1301161312,CDG4K3,2021,1,C 
2U69K44F,1301161312,MUG1A4,1718,1,C 
Y4T4JKGG,1301161312,CSG3A3,1718,2,E 
VE8AB6TL,1301161312,CNG4K3,2021,2,E 
2A6OAAZV,1301161312,CIG4L3,1819,2,AB
TM636ZTM,1301161312,CNG4M3,2021,1,D 
H61R83OA,1301161312,CSG3L3,2122,2,C 
JNK0WYC6,1301161312,KUG1C3,2122,2,C 
AVHJ8QEX,1301161312,CNG4N3,2122,1,E 
F7K6NMK6,1301161312,MUG1B4,2021,1,BC
UV2FFCM8,1301161312,CDG4E3,1819,2,C 
W5FW0885,1301161312,CSH2D3,2021,1,E 
KA2LSJO1,1301161312,CIG4I3,1718,2,D 
1DMASRW6,1301161312,CDG4K3,1819,1,A 
DOFA5708,1301161312,CSG3F3,1819,1,A 
IIXCLS6G,1301161312,CSG3B3,1819,2,B 
9PWNU9NK,1301161312,CDG4K3,2122,1,D 
HBNBZMQE,1301161312,MUG1A4,1718,2,AB
JITM379M,1301161312,CDG4K3,2021,2,C 
J3CJWMPJ,1301161312,MUG1A4,2021,1,C 
GFBC4ILE,1301161312,BUG1E2,1718,2,E 
A434UZJ6,1301161312,CSH2D3,2021,2,C 
1S3C8UNB,1301161312,CSG3A3,2122,1,B 
QKE06EY4,1301161312,CDG4K3,1819,2,A 
VD4UKOKA,1301161312,HUG1H2,1819,1,BC
6OM8EE2T,1301161312,CSG3A3,2021,2,D 
UGSDTNKW,1301161312,CSG2F3,2122,1,C 
1AVUEUI5,1301161312,CSG3E3,1819,1,B 
F8IQ4YVM,1301161312,CSG3E3,2122,1,A 
I2FTHO6L,1301161312,CNG4N3,2021,1,D 
SUG0WULI,1301161312,CSG2A3,2021,1,D 
3I2K306L,1301161312,CDG4K3,2021,2,D 
GQ2F5LY5,1301161312,CNG4N3,1718,2,AB
UF50H0ON,1301161312,CIG4I3,2122,1,B 
DJBTORJV,1301161312,HUG1H2,2122,1,D 
XAXW6LTR,1301161312,CSG2D3,1819,2,B 
64N0W1PG,1301161312,CSG3D3,1819,2,AB
6KGRYVAC,1301161312,CIG4I3,1718,2,C 
3PGTYM7Y,1301161312,MUG1A4,1819,1,AB
HHS5YC9I,1301161312,CSH2D3,1819,1,C 
VN3NNY0L,1301161312,CSG3A3,2122,1,E 
35XDL26B,1301161312,CSH2D3,2021,2,B 
AU3QF93T,1301161312,CNG4N3,2021,2,E 
6YTOIUR4,1301171111,CNG4M3,2021,1,B 
L75L1XYE,1301171111,MUG1B4,2122,2,AB
Y4Z2Z3NP,1301171111,CSG3F3,1819,2,C 
LQ5EISDV,1301171111,CIG4I3,1718,2,E 
UJQZEMCJ,1301171111,CSG3G3,1819,2,AB
N32O6VKM,1301171111,CNG4N3,2122,2,B 
5Y2KJA4D,1301171111,CSG3L3,2122,2,D 
LED2ZNV2,1301171111,CSG2F3,2021,1,D 
4J0RG9AM,1301171111,CSG2F3,1819,2,D 
1QO6B9SZ,1301171111,CIG4L3,2021,1,AB
GSIT03LT,1301171111,CIG4I3,1819,2,BC
PNOAIKTA,1301171111,CSG3A3,2021,1,A 
HATX42F6,1301171111,CDG4K3,2122,2,E 
YPS3V7BL,1301171111,CSG3E3,1819,1,AB
WNVHFBBB,1301171111,CSG3B3,2122,2,E 
7GB3V9DR,1301171111,CSG3E3,1819,2,B 
6OYBP44N,1301171111,BUG1E2,2021,2,BC
ML5KKS8R,1301171111,CDG4E3,2122,2,A 
LCO4YM5F,1301171111,CIG4L3,2021,2,B 
8SZY0MLY,1301171111,CSG3A3,1718,1,C 
MB6HJA61,1301171111,CSH2D3,1819,2,AB
TI43G00P,1301171111,CSG2D3,2122,1,D 
ITSSVJ2U,1301171111,CSG3D3,2122,1,D 
SSC7EGXA,1301171111,CNG4K3,1819,2,D 
AG8JV0IK,1301171111,CSH2D3,1819,1,BC
GWLQSB9H,1301171111,CIG4L3,1819,1,AB
2KPG32DD,1301171111,CDG4E3,1718,2,D 
IMY079WM,1301171111,CIG4L3,1718,1,A 
U43A2Q3R,1301171111,BUG1E2,2021,1,AB
LHM87LBR,1301171111,CSG3D3,2122,2,E 
T5E31QGH,1301171111,CDG4E3,1718,1,E 
C5AJCSNG,1301171111,CSG3A3,2021,2,C 
995YI8PL,1301171111,BUG1E2,1819,1,BC
R85WQEF7,1301171111,CIG4I3,1718,2,D 
KHGC43VE,1301171111,CNG4M3,1718,2,A 
XW77PTO2,1301171111,CIG4L3,1819,2,E 
4F98PNIU,1301171111,CIG4I3,2122,1,D 
Q3M2UU08,1301171111,CDG4E3,2021,1,D 
ZD85LLMG,1301171111,CSG2D3,2021,1,BC
N1AWBR57,1301171111,CNG4N3,1819,1,A 
TD2LFHR6,1301171111,MUG1A4,2122,2,AB
8VVAQ2TD,1301171111,CDG4K3,2122,1,E 
59ILUTQS,1301171111,HUG1H2,1718,2,E 
23UYNVT8,1301171111,MUG1B4,1718,2,C 
7OJR1P3R,1301171111,CSG3E3,2021,2,C 
WC60ZMZV,1301171111,MUG1B4,1819,1,B 
H61CJTM9,1301171111,MUG1A4,2122,2,E 
WJSLX2TM,1301171111,CSG3G3,1718,1,A 
CXCCSCMP,1301171111,MUG1A4,1819,2,B 
F0ZSX03Q,1301171111,HUG1H2,2021,1,AB
D8RQ4RZO,1301171245,HUG1H2,2122,1,C 
BK5S7R44,1301171245,MUG1B4,1819,2,BC
STXCJXCE,1301171245,CDG4K3,1819,2,C 
UL6T44M5,1301171245,CNG4M3,1819,1,D 
PBIYKCSV,1301171245,CNG4M3,1718,2,C 
7YBIH3SY,1301171245,CSG3B3,2122,1,BC
54ADD1HQ,1301171245,CSG3D3,1718,2,B 
6M6TUGTH,1301171245,CIG4I3,2122,1,E 
79C5IGTQ,1301171245,CIG4L3,2122,1,BC
BCEUW370,1301171245,KUG1C3,2122,2,E 
3HX94I2Y,1301171245,CSG3L3,2122,1,C 
4218G9A1,1301171245,CSG3E3,2021,2,D 
E3KH1WPY,1301171245,CNG4N3,2122,2,C 
LTCAXW3C,1301171245,CSG3F3,2021,2,D 
OFZNSUNZ,1301171245,CDG4E3,1819,1,AB
GOBQOVJC,1301171245,HUG1H2,2122,2,D 
BMQ2TZ9H,1301171245,CSG2D3,1718,2,BC
18XKF2AH,1301171245,BUG1E2,2122,2,A 
8ZTBJXJU,1301171245,MUG1A4,1718,2,AB
QUBNU9K0,1301171245,CSG3D3,1819,1,A 
JA8KGBTZ,1301171245,CDG4E3,2021,1,C 
FRVT6CUO,1301171245,MUG1A4,1718,2,C 
N4RZCI2O,1301171245,CSG3L3,1718,2,BC
C6M8YWX2,1301171245,CSG2F3,1718,1,B 
Y7AF3ZA7,1301171245,CSG3F3,1718,2,B 
G451B0XN,1301171245,HUG1H2,1819,2,AB
AX9ZRVYB,1301171245,CSG3F3,2021,1,D 
HUIKZVAT,1301171245,CSH2D3,2122,2,AB
4258CPVX,1301171245,HUG1H2,2021,2,A 
3USHMAMM,1301171245,CDG4E3,1718,1,AB
I87BX7KD,1301171245,CSG2D3,1819,2,B 
J97IR0IU,1301171245,CSH2D3,2122,1,C 
3M6J4ZLV,1301171245,CSG2A3,2021,2,C 
CL67CQYG,1301171245,CSG3D3,2122,1,E 
H5B0X957,1301171245,CSG3G3,1718,2,AB
S1YCRMGC,1301171245,CSG3B3,2122,1,B 
M7OAEDRT,1301171245,CIG4L3,1718,1,A 
XM9LAMA3,1301171245,CSG3B3,1718,1,D 
L0AWYS74,1301171245,CSG3L3,2122,2,A 
Q90DAIDZ,1301171245,CSG2D3,1819,1,C 
F3VECXCE,1301171245,CIG4L3,1718,1,C 
NSCLAU6F,1301171245,CSH2D3,1718,1,E 
1510LTN4,1301171245,BUG1E2,2021,2,B 
AUTEMOTP,1301171245,CNG4N3,2122,2,C 
IJGG151X,1301171245,CDG4E3,2021,1,BC
Y6JGPV36,1301171245,CSG3A3,1819,2,B 
CVLERNOV,1301171245,CSG3E3,1718,1,B 
P0ESE718,1301171245,CIG4I3,1819,2,A 
9WD0NZN5,1301171245,BUG1E2,2021,2,BC
EDCOKHOO,1301171245,CSG2F3,2122,1,E 
0XB1DO85,1301171351,CSG3E3,1718,1,D 
5V1A1IT0,1301171351,MUG1B4,1718,2,D 
FKG3SCSM,1301171351,CNG4K3,2122,2,E 
HQANK9KH,1301171351,KUG1C3,1718,1,B 
MZ1R695V,1301171351,MUG1A4,1718,2,C 
YH528MD5,1301171351,CDG4K3,2021,1,A 
ULJABV6X,1301171351,CIG4I3,1819,1,A 
EZUWNUU6,1301171351,CSG3L3,1718,2,AB
KTYCRB4F,1301171351,CSG3G3,1819,1,B 
PVEKH0O4,1301171351,KUG1C3,2021,1,BC
MF29ZKG1,1301171351,CSG3F3,1718,1,C 
2EMHPIHD,1301171351,MUG1B4,1819,1,A 
X9RPYAOS,1301171351,CSG3E3,1718,1,D 
RDUQQVQN,1301171351,CDG4K3,2122,1,B 
KZKI2VGA,1301171351,CIG4I3,1819,1,C 
M7KMZX0H,1301171351,CSG3F3,2122,2,E 
NBWIJ8GM,1301171351,MUG1B4,2122,1,A 
0KRVZ0KG,1301171351,MUG1A4,1718,1,D 
Y96Z88LC,1301171351,CSG2F3,2021,2,C 
2QD00B34,1301171351,HUG1H2,2021,2,D 
NNCO9HEM,1301171351,CSG3L3,2021,2,C 
T7SRDULV,1301171351,CNG4K3,1718,2,D 
XDYZ1BIP,1301171351,CIG4L3,2122,1,A 
0UP25PVZ,1301171351,CIG4I3,2122,2,BC
QXILY5HQ,1301171351,MUG1A4,1819,1,B 
4TFAQ39I,1301171351,CDG4E3,1819,2,D 
FRDWMDCL,1301171351,MUG1B4,1819,1,B 
FWYO2MRD,1301171351,HUG1H2,1819,2,E 
L2APLA71,1301171351,CSG2A3,2021,2,E 
6I5H5I96,1301171351,CSG3B3,2122,1,E 
VHXNM9MN,1301171351,CSG2A3,1819,1,E 
V7GBG2XS,1301171351,CIG4I3,1718,1,C 
CCYX2U6E,1301171351,CSG3B3,1718,1,D 
UM0EI5Q6,1301171351,CNG4K3,2122,2,AB
X23VYD0M,1301171351,CNG4M3,2122,2,B 
QX4O35UD,1301171351,CSG3F3,1819,2,C 
UNF2TLDA,1301171351,CNG4N3,2122,2,D 
KS3AJHFZ,1301171351,CNG4M3,2021,1,B 
RJOO9C39,1301171351,CSG3B3,2021,2,B 
LLGFZRLY,1301171351,HUG1H2,1819,1,AB
1WU40XML,1301171351,HUG1H2,1819,1,B 
Y2KGJ0DJ,1301171351,CSG3L3,1718,1,E 
SE7TRFER,1301171351,CDG4E3,2021,1,B 
UFRIF8L2,1301171351,BUG1E2,1718,2,C 
HFIWXK93,1301171351,HUG1H2,1819,1,E 
7C0G2WZU,1301171351,CIG4I3,2122,1,BC
I7XVU1GV,1301171351,CSG3L3,1718,1,A 
SCKUGEG0,1301171351,CNG4M3,2122,1,E 
RR9ERRVH,1301171351,CSG3E3,1819,2,A 
FDWPP7Z7,1301171351,CSG2D3,2122,2,BC
P69HL0IQ,1301172001,CSG2A3,1819,2,B 
8XEUAPX2,1301172001,CNG4M3,1718,1,C 
5AZLXVD1,1301172001,MUG1A4,2122,1,BC
LPPQE1GU,1301172001,MUG1B4,2122,2,C 
NMEJE9P1,1301172001,HUG1H2,1819,1,B 
ISF4MBH0,1301172001,CSG3G3,1718,2,E 
Q4TOIOK4,1301172001,CNG4N3,1819,2,D 
3I55K1LG,1301172001,CSG3G3,1718,2,B 
QTHXKNX6,1301172001,CSG3G3,2021,1,E 
V7CEQIOK,1301172001,CNG4M3,2122,2,D 
HZAKH2L9,1301172001,CIG4L3,1819,1,C 
CKQ6ETQR,1301172001,CSG3E3,1718,1,A 
G8O33UPC,1301172001,CDG4K3,2021,2,B 
GX3LLFOU,1301172001,BUG1E2,2021,1,B 
4UYU1B8Y,1301172001,CNG4K3,1819,2,BC
IIUA711C,1301172001,CIG4I3,2122,2,E 
RV8R4VQX,1301172001,MUG1A4,1718,1,B 
K8DU8AX7,1301172001,CSG3G3,1819,2,C 
56CT46ZF,1301172001,CSG2D3,2122,2,E 
90UV9PFO,1301172001,CNG4N3,1718,1,E 
5040H70J,1301172001,HUG1H2,2122,1,A 
DBK27OZH,1301172001,CIG4L3,1819,2,D 
UXEBZIHU,1301172001,CSG3F3,1819,2,B 
52RDA5X5,1301172001,CSG3L3,1819,1,B 
3ZYIG608,1301172001,CSG3D3,1718,1,B 
F3P3W7HV,1301172001,CSH2D3,1819,1,D 
AMALKDYX,1301172001,CSG3B3,1819,2,BC
TJ5OPWII,1301172001,CSG3A3,2021,1,B 
NO9I0RBY,1301172001,CSG3A3,1819,2,C 
7F562O87,1301172001,CSG2A3,1819,1,E 
V6CX4MUZ,1301172001,CSG2D3,1819,2,C 
ABY6AMTS,1301172001,CIG4L3,1819,2,B 
UHPH794T,1301172001,CSG2A3,2122,1,E 
LMOEI24E,1301172001,MUG1B4,2122,1,B 
K72TTVOB,1301172001,MUG1A4,1819,1,C 
4KHZ2EXU,1301172001,MUG1A4,1819,1,B 
WMMV80AW,1301172001,CSG2F3,1819,1,AB
BTLS7PQI,1301172001,CIG4I3,1718,1,A 
GUVDT998,1301172001,CSG2A3,1819,1,E 
3ONX1F1G,1301172001,CSG3F3,2021,1,BC
Y3S5QJFU,1301172001,HUG1H2,2122,1,E 
7FSAJ5DO,1301172001,CSG3L3,2122,2,BC
39SHSUBX,1301172001,CSG3L3,2122,1,B 
NO2UNN55,1301172001,CSG2D3,2122,2,BC
2F3D7V27,1301172001,CNG4M3,2122,1,BC
PBGNQ8Y7,1301172001,CSG2D3,1819,1,B 
K832XTXE,1301172001,CSG2A3,1819,2,C 
25RCQUGU,1301172001,CIG4L3,1718,1,E 
KXIECARH,1301172001,CSG2D3,2122,1,AB
HU2QOXGO,1301172001,CSG3L3,1819,1,E 
Z5JPTDHI,1301172012,CSG2F3,2021,1,A 
RZLCD0Q4,1301172012,CSG2F3,2021,2,BC
5VC30T5K,1301172012,CSG3B3,2122,1,A 
RVUC0HZF,1301172012,CNG4N3,1819,1,A 
YCMVK1AH,1301172012,CSG3F3,2122,1,BC
P9XMYPER,1301172012,CSG3B3,1718,1,BC
E8V2UMYG,1301172012,CDG4E3,2122,2,AB
9977SFSK,1301172012,CDG4E3,2021,2,AB
9FNAN4TE,1301172012,MUG1B4,2021,1,B 
V4O16SVC,1301172012,HUG1H2,2122,1,BC
RD82V7UM,1301172012,BUG1E2,2122,2,B 
OGVL3DZJ,1301172012,CNG4K3,2122,1,B 
RMMTCDDJ,1301172012,CNG4M3,2122,1,C 
PQHZ86JR,1301172012,CSG3F3,1718,1,E 
N5PPH0YC,1301172012,CSG3B3,2021,1,AB
VAVHJHKR,1301172012,CSG3D3,2122,2,B 
FEKTFCAN,1301172012,MUG1B4,1718,2,AB
9YMEZ5OS,1301172012,CIG4L3,2122,2,E 
6E78XKC0,1301172012,CDG4E3,1718,2,D 
YK7BS5AH,1301172012,CSG3F3,1718,1,AB
GZU3W0ML,1301172012,CNG4N3,1819,1,D 
5CPSNTM0,1301172012,CSG2D3,2122,2,B 
WDLFKM45,1301172012,CSG3L3,2122,1,C 
CT55E95D,1301172012,HUG1H2,1819,2,B 
YF8AKU5G,1301172012,BUG1E2,1718,2,A 
1WCV5TNE,1301172012,CIG4L3,1718,2,C 
7HOOU574,1301172012,CSG3F3,1819,2,B 
5Z0C4RG6,1301172012,CSG3G3,1819,2,E 
GL3HVMPC,1301172012,CSG3D3,1819,1,D 
HENXJI9T,1301172012,CSG2D3,2122,1,A 
F176UQT3,1301172012,CSG3F3,1718,2,A 
IEEV42LK,1301172012,CSG3D3,1718,2,C 
PGOTZFSU,1301172012,HUG1H2,2021,1,AB
2MGPRJVW,1301172012,MUG1A4,1718,1,D 
ZH7DTKLZ,1301172012,MUG1B4,2122,1,D 
2A9RI3HO,1301172012,MUG1B4,2021,1,A 
3CIC3Q39,1301172012,CSG3G3,1819,1,B 
INDIKDL8,1301172012,MUG1A4,1819,2,D 
SR6W5H1F,1301172012,CSG3A3,2122,2,E 
5Z1ZGBM8,1301172012,CSG2F3,1819,1,AB
E2WPBS3J,1301172012,CNG4M3,2021,2,A 
N75GGCPZ,1301172012,CSG2A3,2122,1,E 
YA807VSV,1301172012,CNG4K3,1819,2,D 
LCHEYE3G,1301172012,CSG2F3,1819,1,B 
AEERQ67A,1301172012,CNG4N3,2122,1,AB
YXI8MV92,1301172012,CSG3F3,1718,1,BC
JCAFCWBS,1301172012,CSG3D3,1718,1,D 
JAE8LYUJ,1301172012,CSG3G3,2021,2,B 
DYFB87I2,1301172012,CIG4I3,1819,2,B 
C8BJMUJZ,1301172012,CNG4N3,1718,2,AB
DP4WDXEO,1301173122,CSG2F3,1819,1,A 
DVIQ29ZA,1301173122,CIG4L3,2021,2,C 
D84YP74M,1301173122,CDG4K3,1718,1,AB
3IDEU1GY,1301173122,MUG1B4,2122,1,E 
1O4637GQ,1301173122,HUG1H2,1718,1,A 
U18MZ2AC,1301173122,CSG3G3,2021,1,D 
JBGNZUKF,1301173122,MUG1B4,2122,1,D 
VS25U93L,1301173122,CNG4K3,2021,2,C 
PTYNF3GF,1301173122,HUG1H2,1819,2,E 
2OEY9RXB,1301173122,CNG4K3,2122,2,D 
HA5TU29G,1301173122,CSG3F3,2122,1,AB
EYLKEL6U,1301173122,CSH2D3,1819,2,B 
7W7FDW7P,1301173122,CDG4K3,1718,2,B 
4BVLQVGD,1301173122,CSG2A3,2122,1,AB
51XTEJ0W,1301173122,CNG4K3,2122,1,BC
URJRS6BR,1301173122,HUG1H2,2021,1,D 
RT0NUR7V,1301173122,CSG3E3,1718,1,AB
DPZTHX0S,1301173122,MUG1B4,2122,1,D 
SHONXMQY,1301173122,CSG3L3,1819,2,AB
5KUWNP78,1301173122,CIG4I3,2122,1,A 
AD4652TO,1301173122,MUG1B4,1819,1,A 
3CPYUHP7,1301173122,CDG4K3,2122,2,BC
119KRX3E,1301173122,HUG1H2,2122,1,E 
DCRK6LIY,1301173122,CSG2F3,2122,2,C 
R1TD33WZ,1301173122,HUG1H2,1819,1,A 
YAUV71DY,1301173122,CIG4I3,2021,2,E 
4X5VQXQM,1301173122,CDG4K3,1819,1,BC
JZ33LIRR,1301173122,CSG3G3,2021,1,B 
41G3XLE7,1301173122,CDG4K3,2021,2,AB
EJWQDIHM,1301173122,CIG4I3,2122,1,C 
82PJQWH4,1301173122,CIG4I3,1718,1,D 
KG4EA3OP,1301173122,CSG2F3,2021,2,E 
TC1FUKBT,1301173122,KUG1C3,2122,1,BC
T7QGBAJB,1301173122,CIG4L3,1819,2,C 
RQ4S3HAH,1301173122,MUG1B4,2021,1,E 
UMSRR97L,1301173122,CNG4K3,2021,1,BC
5G6ARC1Y,1301173122,BUG1E2,1718,1,B 
160TFA3K,1301173122,CSG3D3,2122,1,AB
62WT85WM,1301173122,HUG1H2,2122,1,D 
CTVI1TCT,1301173122,HUG1H2,1718,2,A 
AEL4DJUO,1301173122,CSH2D3,2122,1,AB
YG06RRCT,1301173122,MUG1A4,2122,2,C 
SIUYNNN9,1301173122,HUG1H2,1718,1,D 
TU87RT6H,1301173122,CSH2D3,1718,2,A 
4GSAZ8GX,1301173122,CSG3D3,2021,2,A 
II41EZ4U,1301173122,CSG3L3,1718,2,D 
RBZT9NGX,1301173122,CNG4K3,2021,2,BC
1LLTLW7F,1301173122,HUG1H2,2021,2,BC
KTCK9B3U,1301173122,CIG4L3,2021,2,E 
C6QESV53,1301173122,BUG1E2,1718,2,B 
ZNQQ4NIQ,1301174111,CDG4K3,1718,1,AB
A5JOXWMV,1301174111,CSH2D3,1819,1,E 
LZRVXTVQ,1301174111,CSG3E3,1819,1,AB
HEQC6BEG,1301174111,CSH2D3,1819,2,AB
QR37GQL7,1301174111,KUG1C3,2021,2,AB
LWKD1P7P,1301174111,CSG3A3,1819,1,C 
U532DJGG,1301174111,CSG3A3,2021,1,C 
2AIZ6FT8,1301174111,CSG3F3,1718,1,C 
0D7F3OO4,1301174111,CSH2D3,1819,2,D 
OUKAJRY2,1301174111,CSG3F3,1819,1,AB
HARBHLCG,1301174111,HUG1H2,1718,2,AB
LXFGIVAG,1301174111,BUG1E2,1718,2,BC
CLNYR1WG,1301174111,CDG4K3,1718,2,BC
Q9OT9F7K,1301174111,CSG3F3,1819,2,B 
LQR5XS1O,1301174111,CSG3G3,2021,2,A 
B04FJIV2,1301174111,CSH2D3,1718,2,AB
UE87E9KQ,1301174111,CIG4L3,1819,2,D 
OLVI7SHF,1301174111,HUG1H2,2122,1,D 
0442DEST,1301174111,CSG2D3,1819,2,AB
U8X17Q7I,1301174111,CSG3D3,1819,1,A 
NW94H9GL,1301174111,CSG3G3,2021,1,B 
GBRL7SRS,1301174111,CSG2A3,1718,2,A 
TYPPN3YP,1301174111,CSG3G3,2122,1,A 
VOMFMSS7,1301174111,MUG1A4,1718,2,AB
ON4LTM80,1301174111,CIG4L3,1718,1,D 
XTWCXHWB,1301174111,CDG4K3,2021,1,B 
RFHIAS4U,1301174111,CIG4I3,2021,2,C 
7TJ2WA9X,1301174111,BUG1E2,2122,1,E 
ST7UXG8G,1301174111,CSG3F3,1819,1,C 
0Z14GW2O,1301174111,CIG4I3,1819,2,B 
2LYHKK66,1301174111,CSG3D3,2122,2,B 
SKN9DGDX,1301174111,CIG4I3,2122,2,A 
T8TDJBOL,1301174111,KUG1C3,1718,1,BC
GBRL0ANL,1301174111,CNG4K3,1819,1,E 
159LM2MI,1301174111,CDG4E3,2122,1,B 
XABN29DU,1301174111,CIG4I3,2122,1,D 
VEKHDZE0,1301174111,CDG4K3,1819,2,C 
6NAJ2VFS,1301174111,MUG1A4,1819,2,B 
6CHHG2L1,1301174111,CSG2A3,2021,2,B 
WKQIAASG,1301174111,CSG2F3,1718,1,B 
870WZFIC,1301174111,CSG3D3,2122,2,D 
0IO81CPB,1301174111,CIG4L3,2122,2,D 
5TQ015N3,1301174111,CSG3D3,1819,2,B 
3TV2I506,1301174111,CIG4I3,2021,2,C 
44L55T31,1301174111,CSG3D3,1718,1,D 
4FR8NM9T,1301174111,CDG4K3,2021,1,D 
4ONQU2PC,1301174111,CSG3F3,2122,1,AB
T63GUP35,1301174111,CIG4I3,2122,1,BC
RSD71UGM,1301174111,MUG1B4,1819,1,A 
0Z5VOPQQ,1301174111,MUG1B4,1819,2,D 
TB74SKLC,1301174214,CSG3E3,2021,2,E 
OIM8ZWGO,1301174214,CSG3E3,2021,2,D 
MVQ4IC2K,1301174214,CSG3E3,1718,2,AB
HB0463YE,1301174214,CIG4I3,1718,2,E 
QMWTS9NH,1301174214,MUG1A4,2021,1,E 
GASSIIWD,1301174214,CNG4N3,2122,1,AB
SRJ28VHQ,1301174214,CSG3D3,1819,1,E 
IXWQURGV,1301174214,CSG3L3,1718,1,A 
UHRNAX6M,1301174214,MUG1A4,1819,2,B 
IJXHTJC8,1301174214,CSG3L3,2122,2,D 
PWLPT5G5,1301174214,CDG4E3,2122,1,A 
EFK4M6XZ,1301174214,CSG2D3,2122,1,D 
468A1ID5,1301174214,CSH2D3,2122,1,E 
U7TY8978,1301174214,MUG1A4,1718,2,B 
UXB7F0CZ,1301174214,CSG3L3,1819,1,D 
BWI4NBAM,1301174214,CSG3L3,1819,1,AB
W7NWLBHG,1301174214,CSG3G3,1718,1,E 
TQ4WLR6E,1301174214,BUG1E2,2021,1,C 
ILJY4ZUD,1301174214,CSG2D3,2021,2,E 
4J8E9IRT,1301174214,KUG1C3,2122,1,AB
6HBAWKWT,1301174214,HUG1H2,2021,2,BC
Q4NY6QNU,1301174214,CSG2A3,2122,1,BC
ZEVB1LR6,1301174214,CSG3E3,1819,1,B 
NJ2CDCGK,1301174214,MUG1B4,1819,2,E 
8LZEP5S8,1301174214,CSG3D3,1819,1,AB
Y0I9M5HO,1301174214,BUG1E2,2021,1,BC
5OP5XQ1U,1301174214,CSG2A3,2021,1,C 
ZFXNRUPN,1301174214,MUG1A4,1718,1,BC
YD0V0IE3,1301174214,MUG1A4,1718,2,B 
WXMADRUS,1301174214,CDG4E3,2021,2,A 
BOGYXLXS,1301174214,CSG3F3,2122,2,AB
TEOKIEQE,1301174214,CSG3D3,2122,1,A 
L5LIEWXW,1301174214,MUG1B4,1819,2,D 
KVJ9D0RI,1301174214,CNG4M3,2122,1,D 
UELDN10M,1301174214,BUG1E2,2021,2,BC
QIBV43UR,1301174214,CSG2F3,1819,1,C 
GIZIFLNP,1301174214,BUG1E2,2122,2,D 
0TOBBXO3,1301174214,CSG2F3,2122,2,C 
XGZE2M1T,1301174214,CSG2F3,2122,2,E 
E826UC2Q,1301174214,CSG3E3,2122,2,AB
A125AJCJ,1301174214,CIG4I3,1819,2,E 
16N3MYL2,1301174214,CSG2D3,1718,2,C 
3I8XDQZ4,1301174214,CSG3D3,1718,2,E 
RFDGSQ4Y,1301174214,BUG1E2,2021,1,C 
17AJ4T2O,1301174214,CSG2A3,1718,2,B 
EQM587GQ,1301174214,CSG2D3,1718,2,E 
XACMDEMU,1301174214,CIG4L3,1718,2,D 
C8O5F50K,1301174214,CIG4L3,1819,2,A 
CZCPXB7K,1301174214,CNG4M3,1718,1,D 
PUTXD35T,1301174214,CSG3A3,2122,2,C 
9WTSORUW,1301174440,CDG4E3,1819,2,D 
VQH6E7IJ,1301174440,CNG4N3,1718,2,BC
ZC3J512W,1301174440,KUG1C3,1718,2,BC
C26TVZQJ,1301174440,CDG4K3,2021,2,D 
C46SLI6U,1301174440,CSH2D3,2021,1,B 
FQ4G4BFS,1301174440,CSG3D3,2122,2,BC
LK7B9WXH,1301174440,CSG3D3,1819,2,B 
47PVUBA5,1301174440,CSG2A3,2122,1,B 
A73KBZ7Q,1301174440,CIG4I3,2122,1,C 
GJEP7W1B,1301174440,HUG1H2,1718,1,B 
WNHL1PJQ,1301174440,CIG4L3,1718,2,C 
GYYO3K9E,1301174440,CSG3B3,1819,2,B 
P8F6H5RW,1301174440,HUG1H2,1718,1,D 
NQ40RIJH,1301174440,CNG4M3,2122,2,B 
FN9H3ZEV,1301174440,CSH2D3,1718,2,BC
YMDMASX5,1301174440,CDG4E3,2122,2,E 
JA99Q530,1301174440,CSG3F3,2021,1,E 
6V8KUS98,1301174440,CSG3A3,2122,2,AB
OQJPK2K0,1301174440,HUG1H2,2021,1,E 
3UH42FV4,1301174440,CSG3G3,1718,1,AB
38QRIK1K,1301174440,MUG1A4,2021,2,B 
TIKI14BF,1301174440,CSG2F3,1819,2,B 
NF7TIHVR,1301174440,CIG4I3,2021,2,C 
ZJF5X880,1301174440,CDG4E3,2021,2,D 
9DQVCRZE,1301174440,CSG2D3,2021,2,AB
Z95CRC89,1301174440,CSG3E3,2021,1,E 
TCRXHBVV,1301174440,CSG2A3,2122,1,BC
N918F5WV,1301174440,CSG3F3,2021,2,D 
KUIXNPD6,1301174440,CSG2D3,1718,1,BC
P34JLS9X,1301174440,CSG2D3,1819,2,B 
KFMURLS8,1301174440,CSG3L3,1819,1,C 
R4HC0083,1301174440,CIG4L3,1819,2,C 
MK174KWD,1301174440,CDG4E3,1718,2,C 
9VHOHMJ4,1301174440,CSG3E3,1819,1,D 
9EX9SBD9,1301174440,CSG3D3,1718,1,AB
BKGSHAFY,1301174440,BUG1E2,2021,2,C 
4A6B0C39,1301174440,CSG3B3,2021,2,BC
TJV6DE1F,1301174440,MUG1A4,2021,2,A 
VMCVC8KK,1301174440,CSG3L3,1718,1,BC
H25TED58,1301174440,BUG1E2,2122,1,E 
PSTGPID7,1301174440,CSG2F3,1718,2,AB
LXQJPH57,1301174440,CSG3E3,2122,2,BC
TA747UW5,1301174440,CIG4L3,2122,1,A 
ZW48GJ5P,1301174440,CSG3L3,2122,2,BC
NXQVUU0M,1301174440,CDG4K3,2021,2,BC
JFKOSB49,1301174440,CDG4E3,1718,2,C 
78ADGBA5,1301174440,CSG3L3,1718,1,E 
6XQ3OF1B,1301174440,CNG4K3,1819,1,C 
2A620KN8,1301174440,BUG1E2,2021,2,AB
KUV2JHNY,1301174440,CNG4K3,1718,2,B 
14AHI1JM,1301175234,HUG1H2,1819,1,E 
WVY6E78D,1301175234,HUG1H2,1718,1,C 
OIWSECJX,1301175234,CNG4K3,2122,1,A 
VC2VPIVY,1301175234,CSG3L3,1718,1,C 
K1CTET3B,1301175234,CSG3F3,1718,2,B 
0UGEVQ4N,1301175234,CSG2F3,2122,2,BC
WSOBV5UY,1301175234,CSG2A3,2021,1,E 
VNWF8Y6O,1301175234,CNG4N3,2021,2,D 
A9VM5O85,1301175234,CNG4M3,1718,1,BC
PV1U6EBE,1301175234,CSG3L3,1718,2,B 
IP874UDP,1301175234,CSG2F3,2122,1,E 
HN816XCC,1301175234,CSG3E3,2021,1,C 
X2DV4RSI,1301175234,CSG3D3,2021,1,D 
TTVAD92Q,1301175234,MUG1A4,1819,1,AB
LR7TZ9UQ,1301175234,CIG4I3,2021,1,D 
6GFRPH81,1301175234,CSG3D3,2122,1,A 
SZ6EAQJ0,1301175234,CDG4E3,1819,1,C 
60NK8DLH,1301175234,CSG2A3,2021,2,A 
USPOZTMY,1301175234,CNG4M3,2021,2,AB
HXZYMA2M,1301175234,CDG4K3,2021,2,D 
U3ROCYP5,1301175234,MUG1B4,1819,1,B 
IGW8VJR3,1301175234,KUG1C3,2122,2,E 
57772TC9,1301175234,CNG4N3,2122,2,D 
MI6N1VO5,1301175234,CSG3G3,2021,2,E 
8B0EV6F5,1301175234,CSG2D3,1718,2,E 
CTGT6NC8,1301175234,CSG3A3,2021,1,D 
F53PD5TA,1301175234,CIG4I3,1819,2,AB
1SB42CDW,1301175234,CSG3L3,2122,2,AB
20ATSNH8,1301175234,MUG1B4,1718,1,B 
2C4INSD9,1301175234,CSG3A3,2021,2,C 
F7H5292C,1301175234,MUG1A4,1819,1,A 
RZMD4KCA,1301175234,CDG4K3,1819,1,E 
PT0FMSP2,1301175234,MUG1A4,1718,2,C 
X4WBBLXI,1301175234,CDG4K3,2122,1,AB
OCY55I42,1301175234,CSG3L3,2122,2,B 
88C3AEDR,1301175234,MUG1A4,1718,1,A 
942428WX,1301175234,MUG1B4,1819,1,BC
ROH7M1BF,1301175234,CSG2D3,2122,1,A 
CDY2WHEH,1301175234,BUG1E2,1718,2,BC
Y7GOQW2T,1301175234,CSG2A3,1718,1,C 
1FBHT3QQ,1301175234,CSG3E3,1718,2,D 
QBNQA7QG,1301175234,CSG2D3,1718,2,D 
6616QL51,1301175234,CSG3G3,2021,1,BC
ZUF41HG4,1301175234,CSG3D3,2122,2,A 
VYGHZ4WI,1301175234,CNG4K3,2122,2,A 
XHLU3YG1,1301175234,CDG4E3,1819,1,C 
RARU56CP,1301175234,CSG2A3,1819,1,C 
JJS8XWZI,1301175234,CSG2A3,2021,2,D 
4T4M0JRC,1301175234,CSG3A3,1819,2,D 
JSJI9K8B,1301175234,CDG4K3,2122,1,BC
NON0ZW9Z,1301175246,CSH2D3,2021,2,E 
V07PMXVA,1301175246,CDG4K3,2021,2,D 
RC0K34AH,1301175246,CSG3L3,2021,2,B 
SPKNW4P9,1301175246,CNG4M3,1718,2,B 
LRUJJ8SH,1301175246,CSG3E3,2122,2,A 
TF09MB0W,1301175246,CSG3G3,2021,2,A 
7I16UYHT,1301175246,CDG4K3,1819,1,E 
NFHKMVD1,1301175246,CIG4I3,1718,1,A 
L8E5DL1S,1301175246,CDG4E3,1718,2,C 
US0YDA5R,1301175246,CIG4L3,2021,2,BC
ZYQODSOW,1301175246,CIG4I3,2021,1,AB
JB5E1I58,1301175246,KUG1C3,2122,1,C 
B9YO64SV,1301175246,MUG1A4,2021,2,B 
RIMC8TPN,1301175246,CIG4I3,2021,2,D 
J0VYFYY2,1301175246,BUG1E2,2122,2,B 
TRWBPX1M,1301175246,CSG3A3,1819,1,A 
W2WDLRV4,1301175246,CNG4M3,2021,1,A 
F474GLYZ,1301175246,KUG1C3,2122,2,C 
VS4AWG2N,1301175246,CDG4K3,1819,2,D 
L64OIRF3,1301175246,CSG2F3,1819,2,C 
QAPF7LC1,1301175246,CSG3G3,1819,2,BC
F0TK13VH,1301175246,CSG3L3,1819,2,BC
36P720ZP,1301175246,CSG3L3,1819,1,BC
9I2OXGVX,1301175246,CIG4L3,1819,2,BC
YDOF5T1K,1301175246,MUG1A4,1819,1,E 
PC56XSVS,1301175246,CSG3E3,1718,2,BC
KWVMBIBZ,1301175246,CNG4N3,1819,1,BC
L9GYTXE8,1301175246,CNG4N3,2122,1,D 
F5VYOPLK,1301175246,CNG4N3,2122,2,E 
FFRZ422R,1301175246,CSG3A3,2122,1,B 
XJDAUJVQ,1301175246,HUG1H2,1819,2,A 
BY46MC02,1301175246,KUG1C3,2122,2,BC
771267D5,1301175246,CIG4I3,1819,1,BC
KLG60L4S,1301175246,MUG1A4,1718,2,E 
HYBJTEN5,1301175246,CSG3A3,2122,2,D 
JFW0VP7C,1301175246,CSG3L3,2122,1,AB
PZ17BAU0,1301175246,CSG2D3,2122,2,BC
GI0JCZZ0,1301175246,CDG4E3,1718,1,AB
3MYXBQJ3,1301175246,MUG1A4,2122,2,A 
T5S1KNK4,1301175246,CSG2F3,1819,1,B 
OEQBT7QH,1301175246,CSG3F3,2021,2,AB
DKDKOE3T,1301175246,CNG4M3,1819,2,BC
P66I1JB8,1301175246,CSG3A3,2122,2,BC
Q7NGR3P2,1301175246,CSG3F3,2021,2,E 
8558IYG6,1301175246,CDG4K3,2021,2,B 
5QT0N8PP,1301175246,CSG3F3,1718,1,AB
C8LORBDE,1301175246,MUG1A4,2021,1,BC
CSVVTKZK,1301175246,KUG1C3,1718,1,C 
5KMSI4K0,1301175246,CDG4K3,1718,2,C 
Z9NKZKUR,1301175246,MUG1B4,1819,2,A 
S8ESSBL7,1301176622,CSG2A3,2021,1,C 
205ZDUNV,1301176622,CNG4M3,2021,1,A 
0J5DW7HH,1301176622,CNG4K3,1718,1,A 
XVYRX2O1,1301176622,KUG1C3,2122,2,A 
8DDVGH23,1301176622,CDG4E3,1819,2,E 
8O0R8UXE,1301176622,CSG3A3,1819,1,B 
V1UQPR5V,1301176622,CSG2F3,1718,1,AB
1656M4J9,1301176622,CSG3E3,1819,1,E 
MD1AR2PT,1301176622,HUG1H2,2021,1,B 
RBEHGZIC,1301176622,CSH2D3,2122,1,BC
7T56I8MR,1301176622,CSG3A3,1718,1,BC
HS4JL5QE,1301176622,CSG3E3,2021,1,AB
E0F53XX3,1301176622,CSG3F3,1718,1,AB
MA8NMYOB,1301176622,MUG1A4,1718,2,AB
X2938N1N,1301176622,CNG4K3,1819,2,B 
1K288FHW,1301176622,CSG2A3,2021,2,D 
VACPTNJK,1301176622,CSG2D3,1819,2,AB
5CTHA8ES,1301176622,CSG3D3,1819,2,BC
D2WT5XG1,1301176622,HUG1H2,2122,1,A 
92DT4Z5G,1301176622,CIG4L3,1718,1,AB
2M2MV9SJ,1301176622,HUG1H2,2021,2,BC
SZ764UN3,1301176622,CSG3F3,2021,2,D 
FJ4GSY07,1301176622,CSH2D3,2122,1,BC
4LQ1J0PG,1301176622,CSG3L3,2122,2,BC
HMOXF26E,1301176622,CSG3D3,2021,2,BC
KMAGZK7O,1301176622,CSG3E3,1718,2,A 
OKNU4ZYE,1301176622,CIG4L3,1819,1,A 
V5SKT092,1301176622,CSH2D3,2122,1,C 
J1YRFZXN,1301176622,CSG3G3,2122,2,A 
N05FXTHU,1301176622,CDG4K3,1718,1,D 
OBM9N4LS,1301176622,CNG4M3,1819,1,A 
YKCKJWVT,1301176622,MUG1B4,1819,2,E 
MI68VPJZ,1301176622,CSG3F3,2122,1,A 
W9HE3SQB,1301176622,MUG1A4,2021,1,E 
X86RNAPP,1301176622,MUG1B4,1718,2,D 
PG25XNE1,1301176622,CIG4L3,2122,1,A 
EM2PWI88,1301176622,CSG2D3,2122,2,B 
1XMNXHZG,1301176622,CSG2D3,2021,2,B 
3AWLZDFM,1301176622,CNG4M3,2021,1,E 
3RTOWNBI,1301176622,CSH2D3,1819,2,BC
5Q9RZBPO,1301176622,CDG4E3,2122,1,E 
970ZXB2H,1301176622,CDG4E3,2021,1,C 
RWCW02BB,1301176622,CSG3B3,2021,2,D 
GQWEZULO,1301176622,MUG1A4,1718,2,C 
VDRGHIR1,1301176622,CDG4K3,1819,2,E 
VIL2NPY1,1301176622,CDG4K3,1718,1,A 
ZL7ALPSC,1301176622,CDG4E3,1718,1,AB
P8KIPKZP,1301176622,CSG3L3,2021,1,AB
VMEUUVAJ,1301176622,CIG4I3,1718,1,C 
FKBSRIY0,1301176622,CNG4N3,1718,1,C 
15PNWLCG,1301177773,CSG3G3,2122,1,E 
VP0J7ILL,1301177773,MUG1A4,1819,1,E 
T5GBLEGE,1301177773,MUG1B4,1718,1,BC
LX4AN9VG,1301177773,HUG1H2,2122,2,B 
KUQU4L2K,1301177773,CSG3G3,2021,1,BC
J78F40M7,1301177773,BUG1E2,1718,2,D 
909VCWOX,1301177773,CSG3L3,2021,2,C 
YLB8RB3V,1301177773,CNG4N3,1718,2,C 
3U9M11QH,1301177773,BUG1E2,1718,2,C 
C61OGBJV,1301177773,CNG4M3,1819,2,D 
L7BXA9DX,1301177773,CDG4K3,2122,1,AB
F36TJ42H,1301177773,CSG2D3,1718,2,C 
EMLK09FH,1301177773,CNG4K3,1819,1,D 
J1SG4ARW,1301177773,CNG4N3,1819,1,C 
BQXUAFV4,1301177773,CNG4K3,1819,2,BC
QMG8468I,1301177773,CSG3E3,2122,1,C 
DUJ3084M,1301177773,KUG1C3,2021,1,A 
13NJQ72F,1301177773,KUG1C3,2021,1,AB
LKR2HHH8,1301177773,KUG1C3,1718,2,BC
1Q3O2HMM,1301177773,CDG4E3,1819,1,AB
3JCK0X5D,1301177773,CSG3D3,2122,2,B 
VK3G2LNT,1301177773,CSH2D3,2021,1,D 
TBWUPFB5,1301177773,CNG4K3,2021,1,BC
MLBKFQTU,1301177773,HUG1H2,1819,1,C 
RAPG4ROX,1301177773,CDG4K3,1819,2,B 
OOH6OBGP,1301177773,MUG1A4,1718,1,E 
DK41U17Y,1301177773,CSG3E3,1718,1,E 
IG8PWV7E,1301177773,CIG4I3,2021,2,E 
1IZ15GYC,1301177773,CSG2A3,2021,2,BC
W8GA7FQL,1301177773,KUG1C3,2021,2,BC
EVG4W29Z,1301177773,CNG4K3,2122,2,D 
C18YT9B2,1301177773,CSG3L3,2021,2,D 
QCEGMOT6,1301177773,MUG1A4,2122,1,E 
W1EVV70C,1301177773,CSG3A3,2021,2,BC
ZXKAOCR9,1301177773,CSG3G3,1819,2,E 
I9ZEHATX,1301177773,HUG1H2,1718,1,A 
7NT5AK80,1301177773,CSH2D3,1718,1,B 
BKI5XODF,1301177773,CNG4N3,2122,1,C 
B685YBNO,1301177773,CNG4M3,1718,2,B 
UF7MZPYW,1301177773,CSG3G3,1718,1,A 
IRYHN5BP,1301177773,CSG3F3,1718,2,BC
YU8E4WL4,1301177773,MUG1A4,2021,1,D 
6TCLBX86,1301177773,CNG4M3,2021,2,D 
9FK5NWAW,1301177773,CSG3D3,1718,2,AB
VWWFZ62G,1301177773,BUG1E2,1819,2,AB
4THDCJT8,1301177773,CSG3F3,2021,2,AB
3DQGNNUV,1301177773,KUG1C3,1718,1,D 
S2HHVGBC,1301177773,CSG2D3,1718,1,AB
UMSHAGE9,1301177773,CSG3E3,2122,2,AB
06QRQ530,1301177773,MUG1A4,1819,1,AB
VLBJG4II,1301178673,CSG3A3,2021,1,E 
BAW7YUVX,1301178673,CIG4I3,2021,1,A 
RET01M7X,1301178673,KUG1C3,2021,1,D 
8QPR6CFX,1301178673,CDG4K3,2021,2,B 
8RVJF25Z,1301178673,MUG1A4,1718,1,AB
DJF9TGKG,1301178673,CSG3G3,1819,2,A 
L3ALMD8J,1301178673,CSG2A3,2021,2,B 
ONK0P1M9,1301178673,CSH2D3,2122,2,E 
598H8LSZ,1301178673,MUG1A4,2021,2,A 
J3WRG7D2,1301178673,CIG4I3,1819,1,BC
FJFDC4K5,1301178673,CSG2A3,2122,2,D 
SM41RFKM,1301178673,CSG3A3,1718,1,C 
7GEUIDH9,1301178673,CIG4I3,2021,2,A 
KKBTRRDQ,1301178673,CSH2D3,2021,1,A 
KSUGVJ6A,1301178673,CSG3A3,2021,1,E 
YDYWR1ID,1301178673,CSG2F3,1718,1,B 
SKT93TUC,1301178673,CNG4N3,1718,1,D 
BG2121OB,1301178673,CSG3D3,2122,1,B 
IOR8VE0Y,1301178673,CSG3L3,1718,1,C 
KD5EOUST,1301178673,CSG2A3,1718,1,B 
C8AG7DX0,1301178673,CSG3E3,2122,2,B 
8SEPQFI6,1301178673,CDG4E3,2021,2,B 
YXNCJKSO,1301178673,CDG4E3,1819,2,D 
U5ZZXPYR,1301178673,CNG4N3,2122,2,BC
YJZ41HEF,1301178673,CSG2D3,1819,2,D 
109C9LIE,1301178673,CSG3B3,1819,2,BC
58P0GPJ1,1301178673,CNG4K3,1718,2,A 
PVWBO7DT,1301178673,CNG4K3,2021,2,B 
4W0HPOFR,1301178673,CSH2D3,2122,2,BC
TILTKPOI,1301178673,CSG2F3,2021,1,AB
XU3Z97KI,1301178673,CSG3D3,1718,2,AB
97OGUC03,1301178673,HUG1H2,2122,2,C 
XQIMUAZR,1301178673,HUG1H2,2122,2,D 
38H8E0Q9,1301178673,CNG4N3,1718,1,B 
GNO4DNT7,1301178673,CSG2A3,2122,1,BC
MRHS986Q,1301178673,CSH2D3,1718,2,D 
SS54HBYW,1301178673,KUG1C3,1718,2,A 
5M5BZMEJ,1301178673,CSG3F3,1718,1,BC
QO9HY6ZJ,1301178673,CSG3F3,1819,2,AB
6LAC3GS4,1301178673,CSH2D3,1718,1,D 
C1PW4W2E,1301178673,CSG2A3,2021,1,D 
Z181SSH9,1301178673,CSG3D3,1819,2,B 
N7CU9Z2V,1301178673,MUG1B4,1819,2,C 
2W85BV3Y,1301178673,CSG3E3,2021,1,E 
4A986SP4,1301178673,CSG3L3,1819,1,AB
W5R6770N,1301178673,CIG4L3,1718,1,D 
DAZ5E75M,1301178673,CSG2D3,2122,1,D 
843HX7DD,1301178673,CSG3L3,1718,1,C 
8K7RTJD4,1301178673,CSG3L3,2021,2,AB
SH8EH5Y5,1301178673,CNG4K3,1819,2,D 
5U1A57U6,1301178673,BUG1E2,1819,1,B 
WG5YETT4,1301178673,KUG1C3,1920,2,AB
R2QJLY0M,1301178673,BUG1E2,1920,2,C 
